,year,month,author_name,paper_title,process,frequency,sat_power,pae_max,P1dB,PAE_1dB,Gain,EVM,modulation_speed,average_pout,average_pae,modulation_type,PA_type,node
0,2001,5,Yoo,A common-gate switched 0.9-W class-E power amplifier with 41% PAE in 0.25-um CMOS,process.bulk,0.9,29.54,46.0,,,,,,29.54,41.0,GMSK (BT=0.3),type.unknown,250
1,2005,12,Reynaert,A 1.75-GHz polar modulated CMOS RF power amplifier for GSM-EDGE,process.bulk,1.75,27.0,34.0,,,30.0,,-24.62,23.8,22.0,EDGE,type.unknown,180
2,2006,12,Wongkomet,A+31.5 dBm CMOS RF Doherty Power Amplifier for Wireless Communications,process.bulk,1.75,31.5,36.0,,,,-28.4,,25.0,13.0,EDGE 3pi/8 8PSK,type.unknown,130
3,2006,12,Wongkomet,A+31.5 dBm CMOS RF Doherty Power Amplifier for Wireless Communications,process.bulk,1.75,31.5,36.0,,,,,,31.5,36.0,GSM,type.unknown,130
4,2006,12,Jeong,A 20 dBm Linear RF Power Amplifier Using Stacked Silicon-on-Sapphire MOSFETs,process.SOS,1.88,21.0,44.0,18.3,29.2,17.1,,,16.3,18.7,IS-95 CDMA,type.unknown,250
5,2009,0,Walling,Multiple Supply (Class-G) Linear Modulator and PA for Non-CE Modulation,process.bulk,2.25,29.2,72.0,,,,-26.7,,24.3,45.0,WCDMA(QPSK),type.unknown,130
6,2009,0,Chowdhury,A Single-Chip Highly Linear 2.4Ghz 30dBm Power Amplifier in 90 nm CMOS,process.bulk,2.3,30.1,33.0,28.0,,28.0,-25.0,,22.7,12.4,OFDM (16/64 QAM ),type.unknown,90
7,2009,9,Carrara,A 2.4-GHz 24-dBm SOI CMOS Power Amplifier With Fully Integrated Reconfigurable Output Matching Network,process.SOI,2.4,24.0,65.0,,,,-25.0,,16.0,19.0,64QAM,type.analog,130
8,2010,5,Leuschner,"A 31-dBm, high ruggedness power amplifier in 65-nm standard CMOS with high-efficiency stacked-cascode stages",process.bulk,0.9,28.0,69.9,,,,,,31.0,61.0,GSM,type.unknown,65
9,2010,7,Kim,A fully integrated CMOS RF power amplifier with tunable matching network for GSM/EDGE dual-mode application,process.bulk,1.76,31.6,45.0,30.5,40.0,19.2,-26.0,,27.5,28.1,EDGE,type.unknown,180
10,2010,6,Jeon,A 40% PAE linear CMOS power amplifier with feedback bias technique for WCDMA applications ,process.bulk,1.95,26.0,46.4,25.0,42.5,26.0,,,23.5,40.0,3GPP WCDMA,type.unknown,180
11,2010,0,Afsahi,A 65nm CMOS 2.4Ghz 31.5dBm Power Amplifier with a Distributed LC Power-Combining Network and Improved Linearization for WLAN Applications,process.bulk,2.45,31.5,25.0,,,32.0,-25.0,,25.5,16.0,OFDM (64-QAM),type.unknown,65
12,2011,6,Leuschner,A 1.8GHz wide-band stacked-cascode CMOS power amplifier for WCDMA applications in 65nm standard CMOS ,process.bulk,1.8,29.4,51.0,28.0,43.0,34.0,,,27.9,48.0,WCDMA,type.unknown,65
13,2011,2,Yoo,A Switched-Capacitor Power Amplifier for EER/Polar Transmitters,process.bulk,2.2,25.2,55.2,,,,-30.75,,17.7,32.1,64 QAM OFDM,type.unknown,90
14,2011,0,Yoo,A Switched-Capacitor Power Amplifier for EER/Polar Tansmitters,process.bulk,2.25,25.2,55.2,,,,2.9,,17.7,32.1,OFDM (64 QAM),type.unknown,90
15,2011,0,Yoo,A Power-Combined Switched-Capacitor Power Amplifier in 90nm CMOS,process.bulk,2.25,27.0,26.0,,,,-28.0,,20.3,15.1,LTE 64 QAM,type.unknown,90
16,2011,0,Tan,A Flip-Chip-Packaged 1.8V 28dBm Class-AB Power Amplifier with Shielded Concentric Transformers in 32nm SoC CMOS,process.bulk,2.75,28.0,31.9,26.5,,,-25.0,,20.8,15.5,OFDM (64 QAM),type.unknown,32
17,2012,3,Francois,A Fully Integrated Watt-Level Linear 900-MHz CMOS RF Power Amplifier for LTE-Applications ,process.bulk,0.93,29.4,25.8,27.7,,,-25.0,,26.0,17.0,"LTE (10 MHz, 16-QAM)",type.unknown,90
18,2012,11,Kim,Envelope-Tracking Two-Stage Power Amplifier With Dual-Mode Supply Modulator for LTE Applications,process.bulk,1.74,34.0,60.0,,,28.3,,,27.0,40.0,"LTE (10 MHz, 16-QAM, 6.44 dB PAPR)",type.unknown,180
19,2012,6,Kang,"A 34% PAE, 26-dBm output power envelope-tracking CMOS power amplifier for 10-MHz BW LTE applications",process.bulk,1.8,30.2,45.5,,,,-29.9,,26.0,34.0,"LTE (10 MHz, 16-QAM, 7.5 dB PAPR)",type.unknown,180
20,2012,1,Koo,Integrated Bias Circuits of RF CMOS Cascode Power Amplifier for Linearity Enhancement ,process.bulk,1.85,30.5,58.0,29.5,58.0,15.8,,,27.8,45.8,WCDMA,type.unknown,180
21,2012,10,Kousai,A 28.3 mW PA-Closed Loop for Linearity and Efficiency Improvement Integrated in a+27.1 dBm WCDMA CMOS Power Amplifier,process.bulk,1.88,30.1,36.0,28.8,,28.3,-40.0,,27.1,28.0,WCDMA (3.84 MHz BW),type.unknown,130
22,2012,6,Song,A CMOS Power Amplifier With a Built-In RF Predistorter for Handset Applications ,process.bulk,1.95,30.8,43.0,27.5,32.0,32.0,,,29.1,41.1,WCDMA,type.unknown,180
23,2012,0,Yoo,A Class-G Dual-Supply Switched-Capacitor Power Amplifier in 65nm CMOS,process.bulk,2.15,24.3,44.0,,,,-30.75,,16.8,33.0,802.11g (64QAM),type.unknown,65
24,2012,6,Jin,A 30.8-dBm Wideband CMOS Power Amplifier With Minimized Supply Fluctuation,process.bulk,2.5,30.8,30.6,29.0,23.0,22.0,-30.45,,26.0,21.5,16QAM,type.unknown,180
25,2013,4,Moloudi,The Outphasing RF Power Amplifier: A Comprehensive Analysis and a Class-B CMOS Realization,process.bulk,0.9,,56.0,,,,-16.6,,13.0,30.0,WCDMA,type.unknown,90
26,2013,9,Kang,Envelope-Tracking CMOS Power Amplifier Module for LTE Applications,process.bulk,1.85,30.2,48.0,18.0,,14.0,-31.0,,26.0,34.1,"LTE (10 MHz, 16-QAM, 7.5 dB PAPR)",type.unknown,180
27,2013,6,Jin,Enhanced linearity of CMOS power amplifier using adaptive common gate bias control,process.bulk,1.85,27.5,33.0,,,,,,26.4,30.5,"LTE (10 MHz, 16-QAM, 7.5 dB PAPR)",type.unknown,180
28,2013,1,Jeon,A Cascode Feedback Bias Technique for Linear CMOS Power Amplifiers in a Multistage Cascode Topology ,process.bulk,1.95,26.0,46.4,,,26.0,,,23.5,40.0,WCDMA,type.unknown,180
29,2013,1,Lee,A Hybrid Polar-LINC CMOS Power Amplifier With Transmission Line Transformer Combiner,process.bulk,1.95,29.5,46.0,,,25.0,,,28.5,29.6,WCDMA,type.unknown,130
30,2013,4,Cho,A Dual Power-Mode Multi-Band Power Amplifier With Envelope Tracking for Handset Applications,process.bulk,2.0,32.0,49.0,,,25.0,-30.75,,27.0,34.2,16QAM,type.unknown,180
31,2014,1,Choi,A Digital Polar CMOS Power Amplifier With a 102-dB Power Dynamic Range Using a Digitally Controlled Bias Generator,process.bulk,0.8,24.4,43.0,,,,-28.9,,22.0,35.0,WCDMA,type.unknown,65
32,2014,6,Kim,A fully integrated triple-band CMOS hybrid-EER transmitter for WCDMA/LTE applications,process.bulk,0.8,28.0,40.0,,,,,,23.0,27.0,LTE,type.unknown,180
33,2014,7,Kim,A Feedback Technique to Compensate for AM-PM Distortion in Linear CMOS Class-F Power Amplifier,process.bulk,0.825,31.0,53.4,29.0,50.0,31.2,-30.75,,26.7,34.2,3G LTE (10 MHz),type.unknown,180
34,2014,11,Woo,Dynamic Stack-Controlled CMOS RF Power Amplifier for Wideband Envelope Tracking,process.SOI,0.837,30.3,64.0,29.0,58.0,32.5,,,25.7,47.5,"LTE (10 MHz, 6.7 dB PAPR)",type.unknown,320
35,2014,11,Woo,Dynamic Stack-Controlled CMOS RF Power Amplifier for Wideband Envelope Tracking,process.SOI,0.837,30.3,64.0,29.0,58.0,32.5,,,25.9,45.9,"LTE (20 MHz, 6.7 dB PAPR)",type.unknown,320
36,2014,7,Woo,Dynamic FET stack control for enhanced efficiency in envelope tracking power amplifiers,process.SOI,0.837,30.5,61.0,23.0,30.0,34.0,,,28.0,52.0,WCDMA,type.unknown,180
37,2014,3,Kim,Single-Ended CMOS Doherty Power Amplifier Using Current Boosting Technique,process.bulk,0.847,31.2,57.8,25.0,40.0,28.0,-28.18,,25.2,43.6,"LTE (10 MHz, 7.6 dB PAPR)",type.unknown,180
38,2014,6,Park,Broadband CMOS stacked power amplifier using reconfigurable interstage network for envelope tracking application,process.SOI,0.85,30.0,68.3,,,25.0,,,25.0,44.0,LTE (10 MHz),type.unknown,320
39,2014,5,Kim,Analysis of Envelope-Tracking Power Amplifier Using Mathematical Modeling,process.bulk,1.71,32.5,61.0,,,29.0,-30.7,,28.0,44.3,"LTE (10 MHz, 16-QAM, 7.44 dB PAPR)",type.unknown,180
40,2014,7,Hezar,A 23dBm fully digital transmitter using ΣΔ and pulse-width modulation for LTE and WLAN applications in 45nm CMOS,process.SOI,1.8,23.0,47.0,,,,-28.0,,,23.0,"LTE ( 10/20 MHz, 8.2 dB PAPR)",type.unknown,45
41,2014,2,Kaymaksut,A dual-mode transformer-based doherty LTE power amplifier in 40nm CMOS,process.bulk,1.9,28.0,34.0,26.0,30.0,21.3,,,23.4,23.3,LTE,type.unknown,40
42,2014,6,Kim,A fully integrated triple-band CMOS hybrid-EER transmitter for WCDMA/LTE applications,process.bulk,1.9,29.6,45.0,,,,,,26.0,33.0,WCDMA,type.unknown,180
43,2014,10,Kousai,Polar Antenna Impedance Detection and Tuning for Efficiency Improvement in a 3G/4G CMOS Power Amplifier,process.bulk,1.95,30.8,47.0,,,,,,27.9,38.0,WCDMA (3.5 dB PAPR),type.unknown,130
44,2014,11,Yang,A 1.2-V 20-nm Fully Integrated Compact CMOS Linear Power Amplifier Using the Coupled L-Shape Concentric Vortical Transformer,process.bulk,2.4,27.3,35.7,,,10.1,-26.0,,22.0,24.6,16 QAM (LTE)_20Mz,type.unknown,90
45,2015,5,Woo,A wideband envelope-tracking CMOS linear transmitter without digital predistortion,process.SOI,0.837,,63.0,,,25.1,-34.24,,25.5,44.7,"LTE ( 10 MHz, 6.7 dB PAPR)",type.unknown,280
46,2015,3,Park,Broadband CMOS Stacked RF Power Amplifier Using Reconfigurable Interstage Network for Wideband Envelope Tracking,process.SOI,0.85,31.0,69.2,,,25.8,,,26.1,43.8,"LTE ( 20 MHz, 6.7 dB PAPR)",type.unknown,320
47,2015,6,Jin,A Highly Efficient CMOS Envelope Tracking Power Amplifier Using All Bias Node Controls,process.bulk,1.85,31.9,56.2,,,14.2,-32.0,,27.5,42.4,"LTE (10 MHz, 16-QAM, 7.5 dB PAPR)",type.unknown,180
48,2015,5,Yuan,A Quadrature Switched Capacitor Power Amplifier in 65nm CMOS,process.bulk,2.0,20.0,21.0,,,,-27.95,,14.2,12.0,LTE 64 QAM (5Mhz),type.unknown,65
49,2015,0,Afsahi,Class-O: A Highly Linear Class of Power Amplifiers in 0.13μm CMOS for WCDMA/LTE Applications,process.bulk,2.4,31.6,39.6,29.7,,,-32.9,,27.0,22.2,16 QAM LTE (20 Mhz),type.unknown,130
50,2015,3,Hezar,A PWM Based Fully Integrated Digital Transmitter/PA for WLAN and LTE Applications,process.bulk,2.4,23.0,47.0,,,,-28.0,,,23.0,"LTE ( 10/20 MHz, 8.2 dB PAPR)",type.unknown,45
51,2015,12,Francois,Hightly Linear Fully Integrated Wideband RF PA for LTE-Advanced in 180-nm SOI,process.SOI,2.5,28.1,46.8,27.4,41.0,9.0,-27.9,,22.4,21.7,64QAM,type.unknown,180
52,2015,4,Kaymaksut,Transformer-based Doherty PA for mm-wave application in 40nm CMOS,process.bulk,72.0,21.0,13.5,19.2,12.4,18.5,-25.0,0.1,15.9,7.2,64-QAM,type.analog,40
53,2016,9,Cho,Voltage-Combined CMOS Doherty Power Amplifier Based on Transformer,process.bulk,0.88,27.0,56.0,22.0,40.0,12.0,-28.3,,27.0,47.4,"LTE (10 MHz, 16-QAM, 7.5 dB PAPR)",type.unknown,180
54,2016,7,Vorapipat,A wideband voltage mode Doherty power amplifier,process.bulk,0.9,24.0,45.0,,,,-34.8,,14.7,22.0,40 MHz 802.11ac 256 QAM (9 dB PAPR),type.unknown,65
55,2016,8,Choi,A Triple-Power-Mode Digital Polar CMOS RF Power Amplifier With LO Duty Cycle Control,process.bulk,1.7,21.5,33.3,,,,-26.0,,18.2,21.2,WCDMA,type.unknown,65
56,2016,5,Yuan,A multiphase switched capacitor power amplifier in 130nm CMOS,process.bulk,1.8,26.0,24.9,,,,-23.12,,20.9,15.2,"LTE (10 MHz, 16-QAM)",type.unknown,130
57,2016,5,Yuan,A Quadrature Switched Capacitor Power Amplifier,process.bulk,2.0,20.5,20.0,,,,-28.9,,14.5,12.2,"LTE (10 MHz, 64-QAM)",type.unknown,65
58,2016,0,Schwartz,A 20dBm Configurable Linear CMOS RF Power Amplifier for Multi-standard Transmitters,process.bulk,5.15,29.0,25.0,26.0,,28.0,-35.0,,20.0,7.5,802.11ac 80Mhz MCS9 256QAM,type.unknown,55
59,2016,5,Park,Highly Linear CMOS Power Amplifier for mm-Wave Applications,process.bulk,28.0,14.8,36.5,14.0,35.2,10.0,-27.0,0.02,9.5,27.0,64QAM,type.unknown,28
60,2016,5,Park,Highly Linear CMOS Power Amplifier for mm-Wave Applications,process.bulk,28.0,19.8,43.3,18.6,41.4,13.6,-25.0,0.02,14.2,25.0,64QAM,type.unknown,28
61,2016,2,Shakib,A 28GHz efficient linear power amplifier for 5G phased arrays in 28nm bulk CMOS,process.bulk,30.0,14.0,35.5,13.2,34.3,15.7,-25.0,0.25,4.2,9.2,64QAM,type.unknown,28
62,2016,2,Shakib,A 28GHz efficient linear power amplifier for 5G phased arrays in 28nm bulk CMOS,process.bulk,30.0,15.3,36.6,14.3,35.8,16.3,-25.0,0.25,5.0,9.5,64QAM,type.unknown,28
63,2016,2,Shakib,A 28GHz efficient linear power amplifier for 5G phased arrays in 28nm bulk CMOS,process.bulk,30.0,15.3,36.6,14.3,35.8,16.3,-25.0,0.15,5.2,11.0,64QAM,type.unknown,28
64,2016,2,Shakib,A 28GHz efficient linear power amplifier for 5G phased arrays in 28nm bulk CMOS,process.bulk,30.0,15.3,36.6,14.3,35.8,16.3,-25.0,0.25,5.3,9.6,64QAM,type.unknown,28
65,2016,2,Shakib,A 28GHz efficient linear power amplifier for 5G phased arrays in 28nm bulk CMOS,process.bulk,30.0,15.3,36.6,14.3,35.8,16.3,-25.0,0.15,5.9,11.4,64QAM,type.unknown,28
66,2016,2,Shakib,A 28GHz efficient linear power amplifier for 5G phased arrays in 28nm bulk CMOS,process.bulk,30.0,15.3,36.6,14.3,35.8,16.3,-25.0,0.15,6.4,11.6,64QAM,type.unknown,28
67,2017,2,Ko,A high-efficiency multiband Class-F power amplifier in 0.153µm bulk CMOS for WCDMA/LTE applications,process.bulk,0.898,31.9,56.6,,,31.7,-27.7,,29.4,44.4,3G WCDMA,type.unknown,153
68,2017,1,Vorapipat,Voltage Mode Doherty Power Amplifier,process.bulk,0.9,24.0,45.0,,,,-34.8,,,22.0,40 MHz 802.11ac 256 QAM,type.unknown,65
69,2017,6,Ghahremani,A 20dBm outphasing class E PA with high efficiency at power back-off in 65nm CMOS technology,process.bulk,1.4,20.0,58.0,,,,,,12.9,34.0,"256-QAM, 7.1 dB PAPR",type.unknown,65
70,2017,6,Park,A CMOS Antiphase Power Amplifier With an MGTR Technique for Mobile Applications,process.bulk,1.85,28.0,33.0,27.2,32.0,24.8,,,24.6,24.0,"WCDMA (3.84 MHz, 3.2 dB PAPR)",type.unknown,180
71,2017,2,Ko,A high-efficiency multiband Class-F power amplifier in 0.153µm bulk CMOS for WCDMA/LTE applications,process.bulk,1.88,32.0,46.3,,,30.5,-24.4,,28.1,34.7,"LTE (20 MHz, 16 QAM)",type.unknown,153
72,2017,10,Draxler,A multi-band CMOS Doherty PA with tunable matching network,process.SOI,1.95,,53.0,,47.5,26.0,,,26.0,46.0,100RB LTE,type.unknown,180
73,2017,6,Jeong, A Highly Linear and Efficient CMOS Power Amplifier With Cascode–Cascade Configuration ,process.bulk,2.0,28.5,50.0,22.0,36.0,16.5,-26.5,,24.5,45.6,"LTE (10 MHz, 16-QAM)",type.unknown,180
74,2017,0,Hashemi,"An Intrinsically Linear Wideband Digital Polar PA Featuring AM-AM and AM-PM Corrections Through Nonlinear Sizing, Overdrive-Voltage Control, and Multiphase RF Clocking",process.bulk,2.2,14.6,28.8,,,,-30.0,,6.1,14.3,16 QAM (40Mhz),type.unknown,40
75,2017,0,Bhat,A>1W 2.2Ghz Switched-Capacitor Digital Power Amplifier with Wideband Mixed-Domain Multi-Tap FIR Filtering of OOB Noise Floor,process.bulk,2.2,30.3,34.0,,,,-29.2,,24.0,16.0,64 QAM (20Mhz),type.unknown,65
76,2017,0,Passamani,A 1.1V 28.6dBm Fully Integrated Digital Power Amplifier for Mobile and Wireless Applications in 28nm CMOS Technology with 35% PAE,process.bulk,2.5,28.6,35.0,,,,0.043,,17.3,11.0,802.11b (20),type.unknown,28
77,2017,0,Vorapipat,A Class-G Voltage-Mode Doherty Power Amplifier,process.bulk,3.5,25.3,30.4,,,,-40.1,,17.1,21.4,256 QAM,type.unknown,45
78,2017,9,Kang,A 5-Ghz  Wlan RF CMOS Power Amplifier With a Parallel-Cascoded Configuration and an Active Feedback Linearizer     ,process.bulk,5.15,26.0,40.0,24.0,34.0,15.0,-32.0,,18.5,13.3,256QAM (20Mhz),type.unknown,130
79,2017,3,Li,A high-efficiency 5G K/Ka-band stacked power amplifier in 45nm CMOS SOI process supporting 9Gb/s 64-QAM modulation with 22.4% average PAE,process.SOI,24.0,16.2,41.5,14.2,37.4,13.1,-29.6,0.16,9.5,22.5,64QAM,type.unknown,45
80,2017,3,Li,A high-efficiency 5G K/Ka-band stacked power amplifier in 45nm CMOS SOI process supporting 9Gb/s 64-QAM modulation with 22.4% average PAE,process.SOI,24.0,16.2,41.5,14.2,37.4,13.1,-25.1,1.5,9.9,22.4,64QAM,type.unknown,45
81,2017,2,Shakib,A Wideband 28GHz Power Amplifier Supporting 8x100MHz Carrier Aggregation for 5G in 40nm CMOS,process.bulk,27.0,15.1,33.7,13.7,31.1,22.4,-25.0,0.8,5.4,7.9,"OFDM, 8-CC,64QAM",type.unknown,40
82,2017,2,Shakib,A Wideband 28GHz Power Amplifier Supporting 8x100MHz Carrier Aggregation for 5G in 40nm CMOS,process.bulk,27.0,15.1,33.7,13.7,31.1,22.4,-25.0,0.8,5.9,9.0,"OFDM, 8-CC,64QAM",type.unknown,40
83,2017,2,Shakib,A Wideband 28GHz Power Amplifier Supporting 8x100MHz Carrier Aggregation for 5G in 40nm CMOS,process.bulk,27.0,15.1,33.7,13.7,31.1,22.4,-25.0,0.8,6.0,9.2,"OFDM, 8-CC,64QAM",type.unknown,40
84,2017,2,Shakib,A Wideband 28GHz Power Amplifier Supporting 8x100MHz Carrier Aggregation for 5G in 40nm CMOS,process.bulk,27.0,15.1,33.7,13.7,31.1,22.4,-25.0,0.8,6.0,8.8,"OFDM, 8-CC,64QAM",type.unknown,40
85,2017,2,Shakib,A Wideband 28GHz Power Amplifier Supporting 8x100MHz Carrier Aggregation for 5G in 40nm CMOS,process.bulk,27.0,15.1,33.7,13.7,31.1,22.4,-25.0,0.8,6.1,9.3,"OFDM, 8-CC,64QAM",type.unknown,40
86,2017,2,Shakib,A Wideband 28GHz Power Amplifier Supporting 8x100MHz Carrier Aggregation for 5G in 40nm CMOS,process.bulk,27.0,15.1,33.7,13.7,31.1,22.4,-25.0,0.8,6.2,10.0,"OFDM, 8-CC,64QAM",type.unknown,40
87,2017,2,Shakib,A Wideband 28GHz Power Amplifier Supporting 8x100MHz Carrier Aggregation for 5G in 40nm CMOS,process.bulk,27.0,15.1,33.7,13.7,31.1,22.4,-25.0,0.8,6.3,10.0,"OFDM, 8-CC,64QAM",type.unknown,40
88,2017,2,Shakib,A Wideband 28GHz Power Amplifier Supporting 8x100MHz Carrier Aggregation for 5G in 40nm CMOS,process.bulk,27.0,15.1,33.7,13.7,31.1,22.4,-25.0,0.8,6.5,10.0,"OFDM, 8-CC,64QAM",type.unknown,40
89,2017,2,Shakib,A Wideband 28GHz Power Amplifier Supporting 8x100MHz Carrier Aggregation for 5G in 40nm CMOS,process.bulk,27.0,15.1,33.7,13.7,31.1,22.4,-25.0,0.8,6.5,9.7,"OFDM, 8-CC,64QAM",type.unknown,40
90,2017,2,Shakib,A Wideband 28GHz Power Amplifier Supporting 8x100MHz Carrier Aggregation for 5G in 40nm CMOS,process.bulk,27.0,15.1,33.7,13.7,31.1,22.4,-25.0,0.8,6.6,11.0,"OFDM, 8-CC,64QAM",type.unknown,40
91,2017,2,Shakib,A Wideband 28GHz Power Amplifier Supporting 8x100MHz Carrier Aggregation for 5G in 40nm CMOS,process.bulk,27.0,15.1,33.7,13.7,31.1,22.4,-25.0,0.8,6.6,9.5,"OFDM, 8-CC,64QAM",type.unknown,40
92,2017,2,Shakib,A Wideband 28GHz Power Amplifier Supporting 8x100MHz Carrier Aggregation for 5G in 40nm CMOS,process.bulk,27.0,15.1,33.7,13.7,31.1,22.4,-25.0,0.8,6.6,11.0,"OFDM, 8-CC,64QAM",type.unknown,40
93,2017,2,Shakib,A Wideband 28GHz Power Amplifier Supporting 8x100MHz Carrier Aggregation for 5G in 40nm CMOS,process.bulk,27.0,15.1,33.7,13.7,31.1,22.4,-25.0,0.8,6.6,10.3,"OFDM, 8-CC,64QAM",type.unknown,40
94,2017,2,Shakib,A Wideband 28GHz Power Amplifier Supporting 8x100MHz Carrier Aggregation for 5G in 40nm CMOS,process.bulk,27.0,15.1,33.7,13.7,31.1,22.4,-25.0,0.8,6.7,11.4,"OFDM, 8-CC,64QAM",type.unknown,40
95,2017,2,Shakib,A Wideband 28GHz Power Amplifier Supporting 8x100MHz Carrier Aggregation for 5G in 40nm CMOS,process.bulk,27.0,15.1,33.7,13.7,31.1,22.4,-25.0,0.8,6.7,10.0,"OFDM, 8-CC,64QAM",type.unknown,40
96,2017,2,Shakib,A Wideband 28GHz Power Amplifier Supporting 8x100MHz Carrier Aggregation for 5G in 40nm CMOS,process.bulk,27.0,15.1,33.7,13.7,31.1,22.4,-25.0,0.8,6.8,10.9,"OFDM, 8-CC,64QAM",type.unknown,40
97,2017,2,Shakib,A Wideband 28GHz Power Amplifier Supporting 8x100MHz Carrier Aggregation for 5G in 40nm CMOS,process.bulk,27.0,15.1,33.7,13.7,31.1,22.4,-25.0,0.8,6.8,10.2,"OFDM, 8-CC,64QAM",type.unknown,40
98,2017,2,Shakib,A Wideband 28GHz Power Amplifier Supporting 8x100MHz Carrier Aggregation for 5G in 40nm CMOS,process.bulk,27.0,15.1,33.7,13.7,31.1,22.4,-25.0,0.8,7.0,10.8,"OFDM, 8-CC,64QAM",type.unknown,40
99,2017,6,Zhang,A High-Efficiency Linear Power Amplifier for 28GHz Mobile Communications in 40nm CMOS,process.bulk,27.0,18.1,41.5,16.8,37.6,20.5,-25.0,1.0,8.4,8.8,64QAM,type.unknown,40
100,2017,6,Zhang,A High-Efficiency Linear Power Amplifier for 28GHz Mobile Communications in 40nm CMOS,process.bulk,27.0,18.1,41.5,16.8,37.6,20.5,,0.5,8.8,9.6,64QAM,type.unknown,40
101,2017,6,Zhang,A High-Efficiency Linear Power Amplifier for 28GHz Mobile Communications in 40nm CMOS,process.bulk,27.0,18.1,41.5,16.8,37.6,20.5,,0.25,9.65,11.8,64QAM,type.unknown,40
102,2017,7,Indirayanti,A 32GHz 20dBm-PSAT Transformer-Based Doherty Power Amplifier for Multi-Gb/s 5G Applications in 28nm Bulk CMOS,process.bulk,32.0,19.8,21.0,16.0,12.8,22.0,-25.0,2.5,11.7,5.75,64QAM,type.unknown,28
103,2017,6,Vigilante,A 29-to-57GHz AM-PM Compensated Class-AB Power Amplifier for 5G Phased Arrays in 0.9V 28nm Bulk CMOS,process.bulk,43.0,16.6,24.2,13.4,12.6,20.8,-25.0,1.0,5.9,2.3,64-QAM (fcarrier=34GHz),type.unknown,28
104,2017,6,Vigilante,A 29-to-57GHz AM-PM Compensated Class-AB Power Amplifier for 5G Phased Arrays in 0.9V 28nm Bulk CMOS,process.bulk,43.0,16.6,24.2,13.4,12.6,20.8,-25.0,0.5,6.8,2.9,64-QAM,type.unknown,28
105,2017,6,Vigilante,A 29-to-57GHz AM-PM Compensated Class-AB Power Amplifier for 5G Phased Arrays in 0.9V 28nm Bulk CMOS,process.bulk,43.0,16.6,24.2,13.4,12.6,20.8,-25.0,0.5,8.1,3.9,64-QAM,type.unknown,28
106,2017,6,Vigilante,A 29-to-57GHz AM-PM Compensated Class-AB Power Amplifier for 5G Phased Arrays in 0.9V 28nm Bulk CMOS,process.bulk,43.0,16.6,24.2,13.4,12.6,20.8,-25.0,0.5,8.9,4.4,64-QAM,type.unknown,28
107,2017,6,Vigilante,A 29-to-57GHz AM-PM Compensated Class-AB Power Amplifier for 5G Phased Arrays in 0.9V 28nm Bulk CMOS,process.bulk,43.0,16.6,24.2,13.4,12.6,20.8,-25.0,0.25,10.1,5.8,64-QAM,type.unknown,28
108,2017,3,Chi,A 60GHz On-chip linear radiator with single-element 27.9dBm Psat and 33.1dBm EIRP using multifeed antenna for direct on-antenna power combining,process.SOI,60.0,27.9,23.4,25.0,16.2,17.4,-25.4,0.8,19.3,5.3,64-QAM,type.unknown,45
109,2018,7,Li,A Wideband Efficiency-Enhanced Class-G Digital Power Amplifier for IoT Applications,process.bulk,0.8,23.5,42.7,,,,-28.4,,16.5,30.1,"LTE (8 MHz, 64 QAM)",type.unknown,55
110,2018,2,Yin,A compact dual-band digital doherty power amplifier using parallel-combining transformer for cellular NB-IoT applications,process.bulk,0.85,28.9,36.8,,,,-21.6,,24.4,29.5,12 Subcarrier 180KHz NB-IoT,type.unknown,55
111,2018,2,Yin,A compact dual-band digital doherty power amplifier using parallel-combining transformer for cellular NB-IoT applications,process.bulk,1.7,27.0,25.4,,,,-21.6,,23.0,17.9,12 Subcarrier 180KHz NB-IoT,type.unknown,55
112,2018,7,Kang,Study on Dynamic Body Bias Controls of RF CMOS Cascode Power Amplifier,process.bulk,1.85,31.3,52.0,30.9,30.0,27.2,-26.56,,27.7,41.3,"LTE (10 MHz, 16 QAM)",type.unknown,180
113,2018,6,Zhai,Dual-Mode CMOS RF Power Amplifier Design Using a Novel Reconfigurable Single-Switch Single-Inductor Balun,process.bulk,2.0,21.9,34.2,,,10.0,,,15.3,17.8,WCDMA,type.unknown,350
114,2018,6,Zhai,Dual-Mode CMOS RF Power Amplifier Design Using a Novel Reconfigurable Single-Switch Single-Inductor Balun,process.bulk,2.0,27.3,40.7,,,10.5,,,24.1,32.0,WCDMA,type.unknown,350
115,2018,6,Zhai,Dual-Mode CMOS RF Power Amplifier Design Using a Novel Reconfigurable Single-Switch Single-Inductor Balun,process.bulk,2.0,27.3,40.7,26.5,40.0,,,,24.1,32.0,WCDMA,type.unknown,350
116,2018,10,Zhai,Dual-Mode CMOS RF Power Amplifier Design Using a Novel Reconfigurable Single-Switch Single-Inductor Balun,process.bulk,2.0,27.3,40.7,,,,,,24.1,32.0,WCDMA,type.unknown,350
117,2018,0,Yoo,A 1W Quadrature Class-G Switched-Capacitor Power Amplifier with Merged Cell Switching and Linearization Techniques,process.bulk,2.2,30.1,37.0,,,,-40.7,,19.5,14.7,64QAM (20Mhz),type.unknown,65
118,2018,0,Jung,A Highly Linear Doherty Power Amplifier with Multigated Transistors Supporting 80MSymbol/s 256-QAM,process.bulk,5.8,27.2,24.5,,,,-34.8,,17.0,5.3,256 QAM,type.unknown,55
119,2018,3,Rostomyan,15 Ghz Doherty Power Amplifier With RF Predistortion Linearizer in CMOS SOI,process.SOI,15.0,25.7,31.2,23.0,30.0,23.0,-25.2,,16.4,15.2,64QAM,type.unknown,45
120,2018,5,Ali,A 40% PAE Frequency-Reconfigurable CMOS Power Amplifier With Tunable Gate-Drain Neutralization for 28GHz 5G Radios,process.bulk,24.0,14.7,42.6,13.9,40.5,9.1,-26.4,0.25,7.1,15.2,64QAM,type.unknown,65
121,2018,1,Rostomyan,Comparison of pMOS and nMOS 28 GHz high efficiency linear power amplifiers in 45 nm CMOS SOI,process.SOI,26.75,18.9,40.5,17.6,,12.0,-25.2,0.8,9.8,14.8,64QAM,type.unknown,45
122,2018,5,Ali,A 40% PAE Frequency-Reconfigurable CMOS Power Amplifier With Tunable Gate-Drain Neutralization for 28GHz 5G Radios,process.bulk,28.0,14.4,40.1,13.6,37.2,8.9,-26.6,0.25,7.0,14.1,64QAM,type.unknown,65
123,2018,3,Rostomyan,32 GHz Doherty Power Amplifier in CMOS SOI With 28% Back-Off PAE,process.SOI,28.0,22.4,40.0,21.5,40.0,10.0,-27.0,0.8,9.2,10.0,64QAM,type.unknown,45
124,2018,2,Ali,A 28GHz 41%-PAE Linear CMOS Power Amplifier Using a Transformer-Based AM-PM Distortion-Correction Technique for 5G Phased Arrays,process.bulk,28.0,15.6,41.0,13.5,34.7,15.8,-26.4,0.34,9.8,18.2,64QAM,type.unknown,65
125,2018,3,Rostomyan,31 GHz Doherty Power Amplifier in CMOS SOI With 28% Back-Off PAE,process.SOI,28.0,22.4,40.0,21.5,40.0,10.0,-27.0,0.8,10.3,12.4,64QAM,type.unknown,45
126,2018,2,Ali,A 28GHz 41%-PAE Linear CMOS Power Amplifier Using a Transformer-Based AM-PM Distortion-Correction Technique for 5G Phased Arrays,process.bulk,28.0,15.6,41.0,13.5,34.7,15.8,-25.61,0.25,10.4,19.3,64QAM,type.unknown,65
127,2018,6,Li,A 28GHz Packaged Chireix Transmitter with Direct On-Antenna Outphasing Load Modulation Achieving 56%/38% PA Efficiency at Peak/6dB Back-Off Output Power,process.SOI,28.0,17.1,44.0,,,,-27.3914425,2.5,10.4,19.2,64QAM,type.unknown,45
128,2018,9,Yu,A 28GHz CMOS Broadband Single-Path Power Amplifier with 17.4dBm P1dB for 5G Phased-Array,process.bulk,28.0,18.0,26.7,17.4,26.5,19.0,-27.0,200.0,10.5,17.8,64QAM,type.unknown,65
129,2018,6,Li,A 28GHz Packaged Chireix Transmitter with Direct On-Antenna Outphasing Load Modulation Achieving 56%/38% PA Efficiency at Peak/6dB Back-Off Output Power,process.SOI,28.0,17.1,44.0,,,,-29.81594955,1.5,10.5,19.7,64QAM,type.unknown,45
130,2018,6,Li,A 28GHz Packaged Chireix Transmitter with Direct On-Antenna Outphasing Load Modulation Achieving 56%/38% PA Efficiency at Peak/6dB Back-Off Output Power,process.SOI,28.0,17.1,44.0,,,,-29.76233278,1.75,10.5,19.7,64QAM,type.unknown,45
131,2018,6,Li,A 28GHz Packaged Chireix Transmitter with Direct On-Antenna Outphasing Load Modulation Achieving 56%/38% PA Efficiency at Peak/6dB Back-Off Output Power,process.SOI,28.0,17.1,44.0,,,,-28.40432807,2.25,10.5,19.7,64QAM,type.unknown,45
132,2018,6,Li,A 28GHz Packaged Chireix Transmitter with Direct On-Antenna Outphasing Load Modulation Achieving 56%/38% PA Efficiency at Peak/6dB Back-Off Output Power,process.SOI,28.0,17.1,44.0,,,,-31.08791593,0.5,10.6,20.1,64QAM,type.unknown,45
133,2018,6,Li,A 28GHz Packaged Chireix Transmitter with Direct On-Antenna Outphasing Load Modulation Achieving 56%/38% PA Efficiency at Peak/6dB Back-Off Output Power,process.SOI,28.0,17.1,44.0,,,,-30.63305339,0.8,10.7,20.6,64QAM,type.unknown,45
134,2018,6,Li,A 28GHz Packaged Chireix Transmitter with Direct On-Antenna Outphasing Load Modulation Achieving 56%/38% PA Efficiency at Peak/6dB Back-Off Output Power,process.SOI,28.0,17.1,44.0,,,,-29.735648,1.0,10.7,20.6,64QAM,type.unknown,45
135,2018,6,Li,A 28GHz Packaged Chireix Transmitter with Direct On-Antenna Outphasing Load Modulation Achieving 56%/38% PA Efficiency at Peak/6dB Back-Off Output Power,process.SOI,28.0,17.1,44.0,,,,-28.77797233,2.0,10.8,21.1,64QAM,type.unknown,45
136,2018,6,Li,A 28GHz Packaged Chireix Transmitter with Direct On-Antenna Outphasing Load Modulation Achieving 56%/38% PA Efficiency at Peak/6dB Back-Off Output Power,process.SOI,28.0,17.1,44.0,,,,-30.06140704,1.2,10.9,21.6,64QAM,type.unknown,45
137,2018,3,Rostomyan,30 GHz Doherty Power Amplifier in CMOS SOI With 28% Back-Off PAE,process.SOI,28.0,22.4,40.0,21.5,40.0,10.0,-27.0,0.8,11.3,14.0,64QAM,type.unknown,45
138,2018,3,Rostomyan,29 GHz Doherty Power Amplifier in CMOS SOI With 28% Back-Off PAE,process.SOI,28.0,22.4,40.0,21.5,40.0,10.0,-26.0,0.8,12.2,15.2,64QAM,type.unknown,45
139,2018,3,Rostomyan,28 GHz Doherty Power Amplifier in CMOS SOI With 28% Back-Off PAE,process.SOI,28.0,22.4,40.0,21.5,40.0,10.0,-25.2,0.8,13.0,16.8,64QAM,type.unknown,45
140,2018,9,Yu,A 28GHz CMOS Broadband Single-Path Power Amplifier with 17.4dBm P1dB for 5G Phased-Array,process.bulk,28.0,18.0,26.7,17.4,26.5,19.0,-30.0,150.0,5.5,10.1,256QAM,type.unknown,65
141,2018,12,Chen,A Ka-Band Transformer-Based Doherty Power Amplifier for Multi-Gb/s Application in 90nm CMOS,process.bulk,34.0,20.7,32.7,18.5,23.0,19.8,-27.4,500.0,11.1,5.1,64QAM,type.unknown,90
142,2019,2,Yin,A Compact Dual-Band Digital Polar Doherty Power Amplifier Using Parallel-Combining Transformer,process.bulk,0.85,28.9,36.8,,,,-25.3,,22.9,26.1,20MHz 64QAM/256 QAM WLAN,type.unknown,55
143,2019,12,Lee,A Triple-Band CMOS Power Amplifier Using Multi-Band and Switchable Matching Network for Wireless Mobile,process.bulk,0.95,28.0,19.0,,,18.0,,,25.3,14.6,LTE 16 QAM (10MHz),type.unknown,180
144,2019,2,Xiong,4.2 A Broadband Switched-Transformer Digital Power Amplifier for Deep Back-Off Efficiency Enhancement,process.bulk,1.5,21.4,31.3,,,,-32.5,,15.2,25.3,"LTE (20 MHz, 64 QAM)",type.unknown,40
145,2019,2,Yun Yin,A Compact Dual-Band Digital Polar Doherty Power Amplifier Using Parallel-Combining Transformer,process.bulk,1.7,27.0,25.4,,,,-30.5,,20.8,22.7,20MHz 64QAM/256 QAM WLAN,type.unknown,55
146,2019,3,Lemberg,A 1.5-1.9-GHz All-Digital Tri-Phasing Transmitter With an Integrated Multilevel Class-D Power Amplifier Achieving 100-MHz RF Bandwidth,process.SOI,1.7,29.7,35.0,,,,,,21.4,12.7,"OFDM (40 MHz, 256-QAM)",type.unknown,28
147,2019,12,Martelius,A Class-D Tri-Phasing CMOS Power Amplifier With an Extended Marchand-Balun Power Combiner,process.bulk,1.7,29.7,34.7,,,,-32.4,,23.1,15.3,"LTE 64 QAM (20MHz, 6.6 PAPR)",type.unknown,28
148,2019,12,Lee,A Triple-Band CMOS Power Amplifier Using Multi-Band and Switchable Matching Network for Wireless Mobile,process.bulk,1.8,26.6,30.6,,,,,,26.6,30.6,"WCDMA, 3.84 MHz",type.unknown,180
149,2019,2,Zhang,4.1 A Watt-Level Phase-Interleaved Multi-Subharmonic Switching Digital Power Amplifier Achieving 31.4% Average Drain Efficiency,process.bulk,1.9,30.0,45.9,,,,-24.7,,22.8,31.4,"OFDM (5 MHz, 16-QAM)",type.unknown,65
150,2019,0,Hung,A Quadrature Class-G Complex-Domain Doherty. Digital Power Amplifier,process.bulk,2.2,27.8,32.1,,,,-43.0,,21.0,18.4,1024QAM,type.unknown,65
151,2019,12,Zhang,A Watt-Level Phase-Interleaved Multi-Subharmonic Switching Digital Power Amplifier,process.bulk,2.2,28.7,42.4,,,,-24.7,,21.5,31.4,16QAM,type.unknown,65
152,2019,0,Heidebrecht,Fully Integrated Wideband Doherty PA with Additive-Voltage supportd Load-Modulation in CMOS 130nm,process.bulk,2.4,25.0,27.6,,,16.0,,,19.2,13.0,WCDMA,type.unknown,130
153,2019,3,Yin,A Compact Transformer-Combinded Polar/Quadrature Reconfigurable Digital Power Amplifier in 28nm Logic LP COMS,process.bulk,2.4,28.8,30.8,,,,-25.4,,23.35,23.2,64 QAM,type.unknown,28
154,2019,3,Yin,A Compact Transformer-Combinded Polar/Quadrature Reconfigurable Digital Power Amplifier in 28nm Logic LP COMS,process.bulk,2.4,28.8,30.8,,,,-25.4,,23.35,23.2,64 QAM,type.unknown,28
155,2019,2,El-Aassar,"A Compact DC-to-108GHz Stacked-SOI Distributed PA/Driver Using Multi-Drive Inter-Stack Coupling, Achieving 1.525THz GBW, 20.8dBm Peak P1dB, and Over 100Gb/s in 64QAM and PAM-4 Modulation",process.SOI,25.0,20.5,10.8,19.5,9.1,,-25.0,5000.0,14.3,5.0,64QAM,type.unknown,45
156,2019,12,El-Aassar,A DC-to-108GHz CMOS SOI Distributed Power Amplifier and Modulator Driver Leveraging Multi-Drive Complementary Stacked Cells,process.SOI,25.0,20.5,10.8,19.5,9.1,,-25.0,5000.0,14.3,5.0,64-QAM,type.unknown,45
157,2019,2,Wang,A Highly Linear Super-Resolution Mixed-Signal Doherty Power Amplifier for High-Efficiency mm-Wave 5G Multi-Gb/s Communications,process.SOI,27.0,23.3,40.1,22.4,39.4,19.1,-24.0,2500.0,15.0,26.4,64QAM,type.unknown,45
158,2019,12,Wang,A Super-Resolution Mixed-Signal Doherty Power Amplifier for Simultaneous Linearity and Efficiency Enhancement,process.SOI,27.0,23.3,40.1,22.4,39.4,19.1,-24.0,2500.0,15.0,26.4,64QAM,type.unknown,45
159,2019,2,Wang,A Highly Linear Super-Resolution Mixed-Signal Doherty Power Amplifier for High-Efficiency mm-Wave 5G Multi-Gb/s Communications,process.SOI,27.0,23.3,40.1,22.4,39.4,19.1,-25.3,1000.0,15.9,29.1,64QAM,type.unknown,45
160,2019,12,Wang,A Super-Resolution Mixed-Signal Doherty Power Amplifier for Simultaneous Linearity and Efficiency Enhancement,process.SOI,27.0,23.3,40.1,22.4,39.4,19.1,-25.3,1000.0,15.9,29.1,64QAM,type.unknown,45
161,2019,8,Lee,A 28GHz CMOS Linear Power Amplifier With Low Output Phase Variation Over Dual Power Mode,process.bulk,28.0,12.2,17.8,,,14.0,-25.0,800.0,1.5,3.4,64-QAM OFDM (8-CC),type.unknown,65
162,2019,8,Lee,A 28GHz CMOS Linear Power Amplifier With Low Output Phase Variation Over Dual Power Mode,process.bulk,28.0,18.5,27.3,,,18.0,-25.0,800.0,7.5,6.2,64-QAM OFDM (8-CC),type.unknown,65
163,2019,7,Li,Millimeter-Wave Continuos-Mode Power Amplifier for 5G MIMO Applications,process.SOI,28.0,18.9,43.2,16.9,18.7,18.7,-25.2,500.0,9.8,9.0,64QAM (Design 3 at 24GHz),type.unknown,45
164,2019,7,Li,Millimeter-Wave Continuos-Mode Power Amplifier for 5G MIMO Applications,process.SOI,28.0,18.6,45.7,16.6,11.4,11.4,-25.0,3000.0,9.8,18.4,64QAM (Design 1 for Mod.),type.unknown,45
165,2019,5,Li,A 28GHz Flip-Chip Packaged Chireix Transmitter With On-Antenna Outphasing Active Load Modulation,process.SOI,28.0,17.1,43.0,17.1,43.0,,-29.7,1000.0,10.7,20.6,64QAM,type.unknown,45
166,2019,7,Asbeck,Power Amplifiers for mm-Wave 5G Applications: Technology Comparisons and CMOS-SOI Demonstration Circuits,process.SOI,28.0,25.0,29.0,,,,,5000.0,17.0,15.0,64QAM,type.unknown,45
167,2019,5,Li,A 28GHz Flip-Chip Packaged Chireix Transmitter With On-Antenna Outphasing Active Load Modulation,process.SOI,28.0,17.1,43.0,,,,-27.5,2500.0,10.4,19.2,64QAM,type.unknown,45
168,2019,7,Li,Millimeter-Wave Continuos-Mode Power Amplifier for 5G MIMO Applications,process.SOI,28.0,18.6,45.7,16.6,,11.4,-28.1,500.0,11.0,10.2,64QAM (Design 3 at 39GHz),type.unknown,45
169,2019,7,Li,Millimeter-Wave Continuos-Mode Power Amplifier for 5G MIMO Applications,process.SOI,28.5,17.0,43.5,15.2,20.0,,-26.8,1500.0,10.7,21.5,64QAM,type.unknown,45
170,2019,2,Ali,A 25-35GHz Neutralized Continuous Class-F CMOS Power Amplifier for 5G Mobile Communications Achieving 26% Modulation PAE at 1.5Gb/s and 46.4% Peak PAE,process.bulk,29.0,14.75,46.4,13.2,40.0,10.0,-25.75,250.0,9.2,26.0,64QAM,type.unknown,65
171,2019,2,Ali,A 25-35GHz Neutralized Continuous Class-F CMOS Power Amplifier for 5G Mobile Communications Achieving 26% Modulation PAE at 1.5Gb/s and 46.4% Peak PAE,process.bulk,29.0,14.75,46.4,13.2,,10.0,-25.9,250.0,8.6,21.4,64QAM,type.unknown,65
172,2019,2,Ali,A 25-35GHz Neutralized Continuous Class-F CMOS Power Amplifier for 5G Mobile Communications Achieving 26% Modulation PAE at 1.5Gb/s and 46.4% Peak PAE,process.bulk,29.0,14.75,46.4,13.2,,10.0,-25.0,250.0,8.8,24.0,64QAM,type.unknown,65
173,2019,7,Li,Millimeter-Wave Continuos-Mode Power Amplifier for 5G MIMO Applications,process.SOI,37.0,18.6,40.2,16.3,10.7,10.7,-30.5,800.0,8.8,16.7,256QAM (Design 1 for Mod.),type.unknown,45
174,2019,7,Li,Millimeter-Wave Continuos-Mode Power Amplifier for 5G MIMO Applications,process.SOI,37.0,18.9,37.0,17.0,18.0,18.0,-28.1,500.0,10.3,13.1,64QAM (Design 3 at 28GHz),type.unknown,45
175,2019,6,Chang,A Ka-Band Stacked Power Amplifier with 24.8dBm Output Power and 24.3% PAE in 65nm CMOS Technology,process.bulk,38.0,24.8,24.3,21.7,13.0,17.5,-27.0,100.0,20.3,10.5,64QAM,type.unknown,65
176,2019,6,Chang,A Ka-Band Stacked Power Amplifier with 24.8dBm Output Power and 24.3% PAE in 65nm CMOS Technology,process.bulk,38.0,24.8,24.3,21.7,13.0,17.5,-27.0,100.0,20.3,10.5,256QAM,type.unknown,65
177,2019,6,Park,A High Efficiency 39GHz CMOS Cascode Power Amplifier for 5G Applications,process.bulk,38.5,16.8,32.9,14.9,28.8,25.8,-25.3,1400.0,10.3,16.9,64QAM OFDM with 14-CC,type.unknown,28
178,2019,7,Li,Millimeter-Wave Continuos-Mode Power Amplifier for 5G MIMO Applications,process.SOI,39.0,18.5,41.2,16.3,10.5,10.5,-30.5,1000.0,8.7,16.3,256QAM (Design 1 for Mod.),type.unknown,45
179,2019,7,Li,Millimeter-Wave Continuos-Mode Power Amplifier for 5G MIMO Applications,process.SOI,39.0,18.9,36.0,17.4,15.6,15.6,-29.2,500.0,11.7,11.9,64QAM (Design 3 at 37GHz),type.unknown,45
180,2019,6,Chen,A 38GHz Band Power Amplifier with Analog Pre-distortion for 1600MHz Transmission Bandwidth 64QAM OFDM Modulated Signal,process.bulk,39.0,20.7,35.0,20.2,32.8,14.4,-25.0,1600.0,13.2,7.1,64QAM OFDM,type.unknown,65
181,2019,6,Dasgupta,A 26dBm 39GHz Power Amplifier with 26.6% PAE for 5G Applications in 28nm bulk CMOS,process.bulk,39.0,26.0,26.6,21.5,13.6,38.0,-28.8,100.0,19.5,8.3,64QAM,type.unknown,28
182,2019,2,El-Aassar,"A Compact DC-to-108GHz Stacked-SOI Distributed PA/Driver Using Multi-Drive Inter-Stack Coupling, Achieving 1.525THz GBW, 20.8dBm Peak P1dB, and Over 100Gb/s in 64QAM and PAM-4 Modulation",process.SOI,50.0,21.5,13.4,20.8,12.5,,-25.0,5000.0,13.2,4.7,64QAM,type.unknown,45
183,2020,2,Zheng,A 15b Quadrature Digital Power Amplifier with Transformer-Based Complex-Domain Power Efficiency Enhancement,process.bulk,0.85,29.3,43.1,,,,-25.6,,23.6,24.4,"10 Mhz, 64 QAM",type.unknown,55
184,2020,9,Yin,A Broadband Switched-Transformer Digital Power Amplifier for Deep Back-Off Efficiency Enhancement,process.bulk,1.5,21.4,31.3,,,,-32.5,,15.2,25.3,64QAM (20Mhz),type.unknown,40
185,2020,9,Azam,Leveraging Programmable Capacitor Arrays for Frequency-Tunable Digital Power Amplifier,process.bulk,2.0,21.7,38.1,,,,-28.0,,15.1,23.7,"64 QAM, 20Mhz",type.unknown,65
186,2020,3,Zong,A 28GHz Two-Way Current Combining Stacked-FET Power Amplifier in 22nm FD-SOI,process.SOI,28.0,21.7,7.1,19.1,23.0,27.0,-30.6,800.0,14.3,11.8,64-256 QAM,type.unknown,22
187,2020,5,Ning,A 30GHz CMOS SOI Outphasing Power Amplifier With Current Mode Combining for High Backoff Efficiency and Constant Envelope Operation,process.SOI,30.0,17.0,45.0,,,7.0,-28.0,500.0,10.2,31.2,64QAM,type.unknown,45
188,2020,5,Ning,A 30-GHz CMOS SOI Outphasing Power Amplifier With Current Mode Combining for High Backoff Efficiency and Constant Envelope Operation,process.SOI,30.0,,50.5,17.0,40.0,7.0,-28.0,3000.0,10.2,31.2,16-32-64 QAM,type.unknown,45
189,2020,6,Daneshgar,High-Power Generation for mm-Wave 5G Power Amplifiers in Deep Submicrometer Planar and FinFET Bulk CMOS,process.bulk,39.0,26.0,31.0,28.9,13.9,37.0,-27.0,,14.7,8.3,"SC-QPSK, 16QAM, and 64QAM",type.unknown,28
190,2020,6,Aassar,A 120-GHz Bandwidth CMOS Distributed Power Amplifier With Multi-Drive Intra-Stack Coupling,process.SOI,60.0,21.6,14.0,20.0,10.2,16.0,-25.0,30000.0,13.5,6.9,64QAM,type.unknown,45
191,2021,7,Hung,A Quadrature Class-G Complex-Domain Doherty Digital Power Amplifier,process.bulk,2.2,27.8,32.1,,,,-42.0,40.0,14.7,7.9,802.11ax OFDM 1024QAM,type.unknown,65
192,2021,12,Yang,Quadrature Switched/Floated Capacitor Power Amplifier With Reconfigurable Self-Coupling Canceling Transformer for Deep Back-Off Efficiency Enhancement,process.bulk,2.4,30.3,36.5,,,,-35.9,40.0,20.44,22.6,1024QAM,type.unknown,40
193,2021,5,Qian,A Quadrature Digital Power Amplifier With Hybrid Doherty and Impedance Boosting for Complex Domain Power Back-Off Efficiency Enhancement,process.bulk,2.8,24.2,32.7,,,,-29.1,20.0,16.42,19.0,64QAM,type.unknown,40
194,2021,4,Mariappan,An 800 MHz-to-3.3 GHz 20-MHz Channel Bandwidth WPD CMOS Power Amplifier For Multiband Uplink Radio Transceivers,process.bulk,3.0,24.0,36.0,22.0,32.0,14.0,-32.6,20.0,20.0,33.0,16QAM LTE,type.unknown,180
195,2021,5,Qian,A Quadrature Digital Power Amplifier With Hybrid Doherty and Impedance Boosting for Complex Domain Power Back-Off Efficiency Enhancement,process.bulk,3.3,23.6,29.0,,,,-29.3,20.0,15.52,17.0,64QAM,type.unknown,40
196,2021,6,Sheth,A Four-Way Nested Digital Doherty Power Amplifier for Low-Power Applications,process.bulk,4.75,7.3,31.0,,,14.0,-22.5,1.0,3.1,35.0,16QAM,type.unknown,65
197,2021,6,Sheth,A Four-Way Nested Digital Doherty Power Amplifier for Low-Power Applications,process.bulk,5.25,6.5,26.0,,,14.0,-20.5,1.0,1.9,34.0,16QAM,type.unknown,65
198,2021,2,Celik,"A Robust, Efficient Distributed Power Amplifier Achieving 96 Gbit/s With 10 dBm Average Output Power and 3.7% PAE in 22 nm FD-SOI",process.SOI,15.0,16.0,17.0,13.0,8.2,10.0,-22.25,21600.0,10.0,3.7,64QAM,type.unknown,22
199,2021,11,Huang,A 19.7–38.9-GHz Ultrabroadband PA With Phase Linearization for 5G in 28-nm CMOS Process,process.bulk,22.0,18.1,34.4,13.3,,19.1,-25.0,100.0,8.5,11.0,64-QAM OFDM,type.unknown,28
200,2021,9,Lee,Millimeter-Wave Frequency Reconfigurable Dual-Band CMOS Power Amplifier for 5G Communication Radios,process.bulk,26.5,20.2,33.6,18.7,,13.0,-25.1,100.0,14.7,21.6,64-QAM,type.unknown,28
201,2021,7,Pashaeifar,A Millimeter-Wave Mutual-Coupling-Resilient Double-Quadrature Transmitter for 5G Applications,process.bulk,27.0,20.0,31.0,20.0,,,-24.6,800.0,11.36,17.6,64-QAM,type.unknown,40
202,2021,11,Ahn,A Highly Efficient and Linear mm-Wave CMOS Power Amplifier Using a Compact Symmetrical Parallel–Parallel Power Combiner With IMD3 Cancellation for 5G Applications,process.bulk,28.0,23.2,33.5,22.0,,15.9,-31.6,100.0,18.25,18.2,512-QAM,type.unknown,65
203,2021,5,Lee,A 28-GHz CMOS Power Amplifier Linearized by Dynamic Conductance Control and Body Carrier Injection,process.bulk,28.0,19.1,41.2,17.7,36.7,15.9,-25.0,100.0,11.9,16.8,64-QAM,type.unknown,65
204,2021,1,Tzu-Yuan,A 26-to-60GHz Continuous Coupler-Doherty Linear Power Amplifier for Over-An-Octave Back-Off Efficiency Enhancement,process.SOI,50.0,21.5,26.1,20.0,10.0,11.5,-25.0,3000.0,9.8,10.7,64QAM,type.unknown,45
205,2021,10,Naga Sasikanth Mannem,Broadband Active Load-Modulation Power Amplification Using Coupled-Line Baluns: A Multifrequency Role-Exchange Coupler Doherty Amplifier Architecture,process.SOI,53.0,21.15,29.88,,,,-23.0,18000.0,15.66,18.7,64QAM,type.unknown,45
206,2021,10,Naga Sasikanth Mannem,Broadband Active Load-Modulation Power Amplification Using Coupled-Line Baluns: A Multifrequency Role-Exchange Coupler Doherty Amplifier Architecture,process.SOI,53.0,21.15,29.88,,,,-24.0,200.0,10.89,10.2,5GNR FR2,type.unknown,45
207,2021,6,Tso-Wei Li,A V-Band Doubly Hybrid NMOS/PMOS Four-Way Distributed-Active-Transformer Power Amplifier for Nonlinearity Cancellation and Joint Linearity/Efficiency Optimization,process.SOI,55.0,16.3,35.4,13.5,,18.8,-25.2,3000.0,9.5,15.6,64QAM,type.unknown,45
208,2021,6,Tso-Wei Li,A V-Band Doubly Hybrid NMOS/PMOS Four-Way Distributed-Active-Transformer Power Amplifier for Nonlinearity Cancellation and Joint Linearity/Efficiency Optimization,process.SOI,55.0,16.1,36.0,15.0,,16.4,-24.5,18000.0,8.1,9.1,64QAM,type.unknown,45
209,2021,6,Tso-Wei Li,A V-Band Doubly Hybrid NMOS/PMOS Four-Way Distributed-Active-Transformer Power Amplifier for Nonlinearity Cancellation and Joint Linearity/Efficiency Optimization,process.SOI,55.0,16.3,35.4,13.5,,18.8,-23.5,400.0,10.8,14.5,5GNR CP-OFDM 64 QAM,type.unknown,45
210,2021,6,Tso-Wei Li,A V-Band Doubly Hybrid NMOS/PMOS Four-Way Distributed-Active-Transformer Power Amplifier for Nonlinearity Cancellation and Joint Linearity/Efficiency Optimization,process.SOI,55.0,16.1,36.0,15.0,,16.4,-23.2,800.0,8.0,8.1,5GNR CP-OFDM 64 QAM,type.unknown,45
211,2021,3,Tzu-Yuan,A 26-to-60GHz Continuous Coupler-Doherty Linear Power Amplifier for Over-An-Octave Back-Off Efficiency Enhancement,process.SOI,60.0,19.9,24.7,19.2,23.9,12.0,-25.2,200.0,7.4,7.8,5GNR FR2,type.unknown,45
212,2021,10,Mannem,Broadband Active Load-Modulation Power Amplification Using Coupled-Line Baluns: A Multifrequency Role-Exchange Coupler Doherty Amplifier Architecture,process.SOI,60.0,19.53,22.59,,,,-23.0,12000.0,15.8,17.95,64QAM,type.unknown,45
213,2021,10,Mannem,Broadband Active Load-Modulation Power Amplification Using Coupled-Line Baluns: A Multifrequency Role-Exchange Coupler Doherty Amplifier Architecture,process.SOI,60.0,19.53,22.59,,,,-24.0,200.0,12.25,13.5,5GNR FR2,type.unknown,45
214,2021,11,Celik,An NP Matrix-Based E-Band Power Amplifier Achieving 24-Gbit/s Data Rate Using 256 QAM in 22-nm FD-SOI,process.SOI,61.8,12.0,7.5,7.6,3.7,13.1,-24.2,18000.0,10.7,8.0,64QAM,type.unknown,22
215,2021,10,Chu,A Dual-Mode V-Band 2/4-Way Non-Uniform Power-Combining PA with +17.9-dBm Psat and 26.5-% PAE in 16-nm FinFET CMOS,process.FinFET,65.0,17.9,26.5,13.5,15.0,21.4,-20.7,4000.0,13.0,13.6,16-QAM,type.analog,16
216,2021,10,Chu,A Dual-Mode V-Band 2/4-Way Non-Uniform Power-Combining PA with +17.9-dBm Psat and 26.5-% PAE in 16-nm FinFET CMOS,process.FinFET,65.0,17.9,26.5,13.5,15.0,21.4,-21.6,6000.0,11.8,10.6,16-QAM,type.analog,16
217,2021,10,Chu,A Dual-Mode V-Band 2/4-Way Non-Uniform Power-Combining PA with +17.9-dBm Psat and 26.5-% PAE in 16-nm FinFET CMOS,process.FinFET,65.0,13.8,18.4,9.6,12.0,18.5,-21.9,6000.0,11.2,9.4,64-QAM,type.analog,16
218,2021,5,Chu,A Reconfigurable Non-Uniform Power-Combining V-Band PA With +17.9 dBm Psat and 26.5% PAE in 16-nm FinFET CMOS,process.FinFET,65.0,17.9,26.5,13.5,15.0,21.4,-20.7,4000.0,13.0,13.0,16QM,type.unknown,16
219,2021,5,Chu,A Reconfigurable Non-Uniform Power-Combining V-Band PA With +17.9 dBm Psat and 26.5% PAE in 16-nm FinFET CMOS,process.FinFET,65.0,13.8,18.4,9.6,12.0,18.5,-21.6,6000.0,11.8,10.6,16QAM,type.unknown,16
220,2021,5,Chu,A Reconfigurable Non-Uniform Power-Combining V-Band PA With +17.9 dBm Psat and 26.5% PAE in 16-nm FinFET CMOS,process.FinFET,65.0,13.8,18.4,9.6,12.0,18.5,-23.2,6000.0,9.8,7.2,64QAM,type.unknown,16
221,2021,11,Celik,An NP Matrix-Based E-Band Power Amplifier Achieving 24-Gbit/s Data Rate Using 256 QAM in 22-nm FD-SOI,process.SOI,83.7,13.9,13.8,10.1,6.8,13.1,-29.161,24000.0,8.5,4.9,256GHz,type.unknown,22
222,2022,4,Guo,A Floating-body Transistor Based Power Amplifier for Sub-6GHz 5G Applications in SOI CMOS 130 nm Process,process.SOI,5.5,22.2,28.0,,,25.6,-36.902,80.0,,26.9,256QAM 802.11ac VHT60 MCS9,type.unknown,130
223,2022,5,Pashaeifar,A Millimeter-Wave CMOS Series-Doherty Power Amplifier With Post-Silicon Inter-Stage Passive Validation,process.bulk,27.0,20.43,38.2,20.2,39.1,17.4,-24.5,400.0,8.8,15.0,64-QAM OFDM,type.unknown,40
224,2022,2,Bhagavatula,A 5G FR2 Power-Amplifier With an Integrated Power-Detector for Closed-Loop EIRP Control,process.SOI,28.0,19.0,20.0,16.0,,30.0,-25.0,400.0,12.5,12.0,64-QAM,type.unknown,28
225,2022,1,Mortazavi,A Four-Way Series Doherty Digital Polar Transmitter at mm-Wave Frequencies,process.bulk,29.5,18.7,24.0,,,,-29.0,300.0,12.0,11.9,64-QAM,type.unknown,40
226,2022,6,Zhang,A 38GHz Deep Back-Off Efficiency Enhancement PA with Three-Way Doherty Network Synthesis Achieving 11.3dBm Average Output Power and 14.7% Average Efficiency for 5G NR OFDM,process.SOI,38.0,18.9,23.3,18.4,23.0,15.0,-25.0,100.0,11.3,14.7,5G NR 1-CC 64QAM OFDM,type.unknown,45
227,2022,8,Chen,Design and Analysis of a 26–34.5-GHz Power Amplifier With Balanced Mismatch Reduction and Interstage Matching,process.bulk,29.0,21.6,30.4,20.4,29.4,25.1,-25.0,100.0,12.6,10.1,64-QAM,type.analog,65
228,2022,6,Pashaeifar,Load-Modulation-Based IMD3 Cancellation for Millimeter-Wave Class-B CMOS Power Amplifiers Achieving EVM < 1.2%,process.bulk,28.0,20.1,40.6,,,,-38.7,50.0,8.9,9.46,64-QAM,type.analog,40
229,2022,10,Pashaeifar,A Millimeter-Wave CMOS Series-Doherty Power Amplifier With Post-Silicon Inter-Stage Passive Validation,process.bulk,27.0,20.43,38.2,20.2,39.1,17.4,-36.3,100.0,9.8,17.7,64-QAM OFDM,type.analog,40
230,2022,0,Oh,A 24-to-44 GHz Compact Linear 5G Power Amplifier with Open-Terminated Balun in 65nm Bulk CMOS,process.bulk,24.0,19.3,29.6,17.5,20.0,10.0,-25.0,100.0,10.4,6.24,64-QAM,type.analog,65
231,2022,0,Oh,A 24-to-44 GHz Compact Linear 5G Power Amplifier with Open-Terminated Balun in 65nm Bulk CMOS,process.bulk,28.0,19.5,35.2,17.5,28.0,22.0,-25.0,100.0,11.6,8.94,64-QAM,type.analog,65
232,2022,0,Oh,A 24-to-44 GHz Compact Linear 5G Power Amplifier with Open-Terminated Balun in 65nm Bulk CMOS,process.bulk,39.0,18.2,25.4,17.0,23.0,12.5,-25.0,100.0,10.9,7.9,64-QAM,type.analog,65
233,2022,0,Oh,A 24-to-44 GHz Compact Linear 5G Power Amplifier with Open-Terminated Balun in 65nm Bulk CMOS,process.bulk,44.0,17.5,24.5,19.0,15.0,16.0,-25.0,100.0,8.8,5.1,64-QAM,type.analog,65
234,2022,0,Rusanen,Ka-Band Orthogonal Load-Modulated Balanced Amplifier in 22 nm CMOS FDSOI,process.SOI,26.0,19.5,15.7,18.3,,16.6,-26.6,120.0,14.0,8.8,64-QAM,type.analog,22
235,2023,3,Yang,Millimeter-Wave Quadrature Mixed-Mode Transmitter With Distributed Parasitic Canceling and LO Leakage Self-Suppression,process.bulk,24.0,24.03,31.54,,,,-29.6,400.0,17.3,17.3,64-QAM,type.unknown,40
236,2023,4,Huang,A Coupler Balun Load-Modulated Power Amplifier With Extremely Wide Bandwidth,process.SOI,32.5,22.0,40.5,21.5,39.9,16.0,-25.0,500.0,13.4,24.8,64-QAM,type.analog,45
237,2023,4,Huang,A Coupler Balun Load-Modulated Power Amplifier With Extremely Wide Bandwidth,process.SOI,40.0,21.8,27.8,20.0,26.0,13.5,-25.2,500.0,12.6,15.6,64-QAM,type.analog,45
238,2023,4,Huang,A Coupler Balun Load-Modulated Power Amplifier With Extremely Wide Bandwidth,process.SOI,50.0,21.5,26.1,19.5,24.0,12.0,-25.0,500.0,9.8,10.7,64-QAM,type.analog,45
239,2023,0,Zhang,A Millimeter-Wave Three-Way Doherty Power Amplifier for 5G NR OFDM,process.SOI,38.0,18.9,23.3,18.4,23.0,15.0,-25.0,100.0,11.3,14.7,64-QAM,type.analog,45
240,2023,2,Li,A 4.1W Quadrature Doherty Digital Power Amplifier with 33.6% Peak PAE in 28nm Bulk CMOS,process.bulk,2.9,36.1,33.6,,,16.0,-25.0,20.0,29.4,18.6,20-MHz 64 QAM LTE,type.unknown,28
241,2023,4,Huang,A Coupler Balun Load-Modulated Power Amplifier With Extremely Wide Bandwidth,process.SOI,50.0,21.5,26.1,25.0,20.0,12.5,-25.3,200.0,8.0,10.0,5GNRFR2,type.unknown,45
242,2023,4,Huang,A Coupler Balun Load-Modulated Power Amplifier With Extremely Wide Bandwidth,process.SOI,60.0,19.9,24.7,25.0,18.0,11.0,-25.2,200.0,7.5,5.0,5GNRFR2,type.unknown,45
