,year,month,author_name,paper_title,process,CW Performance,frequency,Psat (dBm),PAEmax (%),PA Efficieny Note,P1dB (dBm),PAE_1dB (%),Gain (dB),RF PA Modulations,EVM (dB),Modulation Speed (Msym/s),Average Pout (dBm),Average PAE (%),RF PA Note (Modulation Type),PA_type,node
0,2021.0,12,Jyo,An Over 130-GHz-Bandwidth InP-DHBT Baseband Amplifier Module,InP,DC-208,0.0,,,,,,7.5,,,,,,,,250-nm InP DHBT
1,2019.0,11,Kobayashi,140GHz SiGe HBT and 100GHz InP DHBT Broadband Triple-Stacked Distributed Amplifiers with Active Bias Terminations,InP,,2.0,12.0,,,,,10.7,,,,,,,,
2,2019.0,11,Kobayashi,140GHz SiGe HBT and 100GHz InP DHBT Broadband Triple-Stacked Distributed Amplifiers with Active Bias Terminations,InP,,5.0,10.8,,,,,10.0,,,,,,,,
3,2001.0,9,Kehias,"Highest efficiency, linear X-band performance using InP DHBTs - 48% PAE at 30 dB C/IM3",InP,,10.0,16.5,57.0,PAE,15.8,50.1,12.0,,,,,,,,InP
4,2001.0,9,Kehias,"Highest efficiency, linear X-band performance using InP DHBTs - 48% PAE at 30 dB C/IM3",InP,,10.0,16.5,57.0,PAE,15.8,50.1,12.0,,,,,,,,InP
5,2002.0,9,Quach,Ultrahigh-Efficiency Power Amplifier for Space Radar Applications,InP,,10.0,21.0,65.0,PAE,,,11.0,,,,,,,Analog,InP_DHBT(180nm)
6,2002.0,9,Quach,Ultrahigh-Efficiency Power Amplifier for Space Radar Applications,InP,,10.0,21.0,65.0,PAE,,,11.0,,,,,,,Analog,InP_DHBT(180nm)
7,2004.0,6,Yang,Affordable High Performance InP X-band Transceiver Module for Large Aperture Phased Array Applications,InP,,10.0,20.5,61.0,AE,,,12.5,,,,,,,,InP HBT
8,2004.0,6,Yang,Affordable High Performance InP X-band Transceiver Module for Large Aperture Phased Array Applications,InP,,10.0,20.5,61.0,PAE,,,12.5,,,,,,,,InP HBT
9,2019.0,6,Jyo,A 241-GHz-Bandwidth Distributed Amplifierwith 10-dBm P1dB in 0.25-μm InP DHBT Technology,InP,,10.0,,,,10.0,,10.0,,,,,,,,
10,2019.0,11,Kobayashi,140GHz SiGe HBT and 100GHz InP DHBT Broadband Triple-Stacked Distributed Amplifiers with Active Bias Terminations,InP,,10.0,11.0,,,,,10.0,,,,,,,,
11,2021.0,6,Shivan,A Highly Linear Dual-Stage Amplifier With Beyond 1.75-THz Gain–Bandwidth Product,InP,DC-110,10.0,,,,,,21.0,,,,,,,,InP DHBT
12,2020.0,3,Nguyen,A Wideband Highly Linear Distributed Amplifier Using Intermodulation Cancellation Technique for Stacked-HBT Cell,InP,DC-90,15.0,22.0,,,20.0,,10.5,,,,,,,,
13,2017.0,6,Nguyen,A 1.5 – 88 GHz 19.5 dBm Output Power Triple Stacked HBT InP Distributed Amplifier,InP,,19.5,,,,,,16.0,,,,,,,,InP HBT
14,2017.0,6,Nguyen,A 1.5 – 88 GHz 19.5 dBm Output Power Triple Stacked HBT InP Distributed Amplifier,InP,,19.5,,,,,,16.0,,,,,,,,InP HBT
15,2007.0,6,Aust,A High Efficiency and High Linearity 20 GHz InP HBT Monolithic Power Amplifier for Phased Array Applications,InP,,20.0,29.4,37.8,PAE,,,17.0,,,,,,,,InP HBT
16,2007.0,6,Aust,A High Efficiency and High Linearity 20 GHz InP HBT Monolithic Power Amplifier for Phased Array Applications,InP,,20.0,29.4,37.8,PAE,,,17.0,,,,,,,,InP HBT
17,2008.0,6,Aust,A high efficiency and high linearity 20GHz InP HBT Monolithic Power Amplifier for phased array applications,InP,,20.0,29.4,37.8,PAE,,,,,,,,,,,
18,2008.0,6,Aust,A High Power and High Efficiency 20 GHz InP HBT Monolithic Power Amplifier for Phased Array Applications,InP,,20.0,32.0,30.0,PAE,,,,,,,,,,,InP HBT
19,2008.0,6,Aust,A High Power and High Efficiency 20 GHz InP HBT Monolithic Power Amplifier for Phased Array Applications,InP,,20.0,32.0,30.0,PAE,,,,,,,,,,,InP HBT
20,2019.0,11,Kobayashi,140GHz SiGe HBT and 100GHz InP DHBT Broadband Triple-Stacked Distributed Amplifiers with Active Bias Terminations,InP,,20.0,11.0,,,,,10.0,,,,,,,,
21,2020.0,3,Nguyen,A Wideband Highly Linear Distributed Amplifier Using Intermodulation Cancellation Technique for Stacked-HBT Cell,InP,DC-75,20.0,20.0,18.0,PAE,18.5,14.0,15.0,,,,,,,,InP HBT
22,2020.0,3,Nguyen,A Wideband Highly Linear Distributed Amplifier Using Intermodulation Cancellation Technique for Stacked-HBT Cell,InP,DC-90,20.0,22.0,21.0,PAE,20.0,19.0,10.0,,,,,,,,InP HBT
23,2020.0,7,Nguyen,A wideband Gain-Enhancement Technique for Distributed Amplifiers,InP,15-148,20.0,19.5,20.1,PAE,,,6.5,,,,,,,,InP HBT
24,2020.0,3,Nguyen,A Wideband Highly Linear Distributed Amplifier Using Intermodulation Cancellation Technique for Stacked-HBT Cell,InP,,20.0,,16.0,PAE,,,,,,,,,,,
25,2020.0,3,Nguyen,A Wideband Highly Linear Distributed Amplifier Using Intermodulation Cancellation Technique for Stacked-HBT Cell,InP,,20.0,,20.5,PAE,,,,,,,,,,,
26,2020.0,7,Nguyen,A Wideband Gain-Enhancement Technique for Distributed Amplifiers,InP,15-148,20.0,19.5,20.1,PAE,,,6.5,,,,,,,,InP HBT
27,2022.0,7,Lee,Analysis and Demonstration of Mm-Wave Distributed Amplifiers With Modified Artificial Transmission Line Model,InP,6-261,20.0,12.0,,,5.2,,11.5,,,,,,,,250nm InP DHBT
28,2022.0,7,Lee,Analysis and Demonstration of Mm-Wave Distributed Amplifiers With Modified Artificial Transmission Line Model,InP,6-200,20.0,10.0,,,6.7,,12.2,,,,,,,,250nm InP DHBT
29,1999.0,10,Yang,High linearity K-band InP HBT power amplifier MMIC with 62.8% PAE at 21 GHz,InP,,21.0,20.0,62.8,PAE,,,,,,,,,,,
30,1999.0,10,Yang,High linearity K-band InP HBT power amplifier MMIC with 62.8% PAE at 21 GHz,InP,,21.0,26.6,35.1,PAE,,,,,,,,,,,
31,2000.0,6,Kobayshi,An 18-21 GHz InP DHBT linear microwave Doherty amplifier,InP,,21.0,18.8,13.1,PAE,,,,,,,,,,,
32,2000.0,6,Kobayshi,An 18-21 GHz InP DHBT linear microwave Doherty amplifier,InP,,21.0,20.1,20.0,PAE,,,,,,,,,,,
33,2020.0,3,Nguyen,A Wideband Highly Linear Distributed Amplifier Using Intermodulation Cancelling Technique for Stacked-HBT Cell,InP,,21.0,20.0,20.0,PAE,,,10.5,,,,,,,,InP HBT 10um
34,2000.0,11,Okamura,K-band 76% PAE InP double heterojunction bipolar power transistors and a 23 GHz compact linear power amplifier MMIC,InP,,24.0,26.0,44.0,PAE,,,,,,,,,,,
35,1999.0,12,Kobayashi,A 25 GHz InGaAsOnAlAs-InP HBT Power MMIC With 48% Power Added Efficiency,InP,,25.0,22.3,48.0,PAE,,,,,,,,,,,
36,2000.0,5,Kobayashi,A 0.5 Watt-40 % PAE InP Double Heterojunction Bipolar Transistor K-band MMIC Power Amplifier,InP,,25.0,21.5,48.0,PAE,,,,,,,,,,,
37,2019.0,11,Kobayashi,140GHz SiGe HBT and 100GHz InP DHBT Broadband Triple-Stacked Distributed Amplifiers with Active Bias Terminations,InP,,25.0,11.0,,,,,10.0,,,,,,,,
38,2019.0,11,Kobayashi,140GHz SiGe HBT and 100GHz InP DHBT Broadband Triple-Stacked Distributed Amplifiers with Active Bias Terminations,InP,,30.0,11.0,,,,,10.0,,,,,,,,
39,2020.0,5,Kobayashi,Baseband tp 140-GHz SiGe HBT and 100-GHz InP DHBT Broadband Triple-Stacked Distributed Amplifiers With Active Bias Terminations,InP,DC-100,30.0,11.5,,,9.7,,10.8,,,,,,,,0.8um InP DHBT
40,2020.0,5,Kobayashi,Baseband to 140-GHz SiGe HBT and 100-GHz InP DHBT Broadband Triple-Stacked Distributed Amplifiers With Active Bias Terminations,InP,DC-100,30.0,,,,9.7,,10.8,,,,,,,,0.8um InP DHBT 
41,2021.0,6,Shivan,A Highly Linear Dual-Stage Amplifier With Beyond 1.75-THz Gain–Bandwidth Product,InP,DC-110,30.0,,,,,,20.0,,,,,,,,InP DHBT
42,2020.0,3,Nguyen,A Wideband Highly Linear Distributed Amplifier Using Intermodulation Cancellation Technique for Stacked-HBT Cell,InP,DC-75,33.0,20.0,,,16.0,,14.0,,,,,,,,InP HBT
43,2019.0,11,Kobayashi,140GHz SiGe HBT and 100GHz InP DHBT Broadband Triple-Stacked Distributed Amplifiers with Active Bias Terminations,InP,,35.0,11.0,,,,,10.0,,,,,,,,
44,2007.0,6,Hacker,Compact InP HBT Power Amplifiers Using Integrated Thick BCB Dielectrics,InP,,38.0,30.6,28.6,PAE,,,,,,,,,,,
45,2011.0,5,Teppati,Highly Efficient InP/GaAsSb DHBTs With 62% Power-Added Efficiency at 40 GHz,InP,,40.0,10.0,60.0,PAE,,,,,,,,,,,
46,2019.0,11,Kobayashi,140GHz SiGe HBT and 100GHz InP DHBT Broadband Triple-Stacked Distributed Amplifiers with Active Bias Terminations,InP,,40.0,10.8,,,,,10.0,,,,,,,,
47,2019.0,6,Arias,"185mW InP HBT Power Amplifier with 1 Octave Bandwidth (25-50GHz), 38% peak PAE at 44GHz and Chip Area of 276 x 672 μm 2",InP,,44.0,22.67,38.0,PAE,19.0,22.5,12.4,,,,,,,,
48,2020.0,8,Liu,Transformer-based Broadband mm-Wave InP PA across 42-62 GHz with Enhanced Linearity and Second Harmonic Engineering,InP,,44.0,18.0,23.0,PAE,0.0,,12.5,,,,,,,,0.25 μm InP HBT
49,2021.0,1,Liu,A 42–62 GHz Transformer-Based Broadband mm-Wave InP PA With Second-Harmonic Waveform Engineering and Enhanced Linearity,InP,42-62,44.0,19.0,22.5,PAE,17.0,,12.5,,,,,,,,0.25 μm InP HBT
50,1994.0,8,Lam,44GHz High Efficiency InP HEMT MMIC Power Amplifier,InP,,44.5,28.0,31.0,PAE,,,,,,,,,,,
51,2019.0,11,Kobayashi,140GHz SiGe HBT and 100GHz InP DHBT Broadband Triple-Stacked Distributed Amplifiers with Active Bias Terminations,InP,,45.0,10.5,,,,,10.0,,,,,,,,
52,2019.0,6,Griffith,"A 140-GHz 0.25-W PA and a 55-135 GHz 115-135 mW PA,High-Gain, Broadband Power Amplifier MMICs in 250-nm InP HBT",InP,,50.0,19.64,6.2,PAE,,,11.0,,,,,,,,
53,2020.0,8,Sharma,Broadband PA Architectures with Asymmetrical Combining and Stacked PA cells across 50-70 GHz and 64-110 GHz in 250 nm InP,InP,50-70,50.0,20.5,23.0,PAE,7.5,,12.5,,,,,,,,250 nm InP
54,2021.0,6,Huang,A 35-100GHz Continuous Mode Coupler Balun Doherty Power Amplifier with Differential Complex Neutralization in 250nm InP,InP,35-100,50.0,22.0,29.3,PAE,,,16.0,,,,,,,,250nm InP HBT
55,2020.0,12,Nguyen,A High Output Power 1 – 150 GHz Distributed Power Amplifier in InP HBT Technology,InP,1-150,50.0,18.3,,,15.4,,,,,,,,,,InP HBT
56,2021.0,6,Shivan,A Highly Linear Dual-Stage Amplifier With Beyond 1.75-THz Gain–Bandwidth Product,InP,DC-110,50.0,,,,,,22.0,,,,,,,,InP DHBT
57,2021.0,12,Jyo,An Over 130-GHz-Bandwidth InP-DHBT Baseband Amplifier Module,InP,DC-208,50.0,,,,,,7.5,,,,,,,,250-nm InP DHBT
58,2020.0,8,Liu,Transformer-based Broadband mm-Wave InP PA across 42-62 GHz with Enhanced Linearity and Second Harmonic Engineering,InP,42-62,52.0,20.6,39.5,PAE,,,13.0,,,4000.0,14.7,13.0,QPSK@52 GHz,Analog,0.25 μm InP HBT
59,2021.0,1,Liu,A 42–62 GHz Transformer-Based Broadband mm-Wave InP PA With Second-Harmonic Waveform Engineering and Enhanced Linearity,InP,42-62,52.0,19.1,40.0,PAE,19.1,,12.5,16 QAM,,1000.0,11.5,9.0,16 QAM@ 52GHz,,0.25 μm InP HBT
60,2019.0,6,Griffith,"A 140-GHz 0.25-W PA and a 55-135 GHz 115-135 mW PA,High-Gain, Broadband Power Amplifier MMICs in 250-nm InP HBT",InP,,55.0,21.24,8.0,PAE,,,14.0,,,,,,,,
61,2020.0,3,Nguyen,A 1–160-GHz InP Distributed Amplifier Using 3-D Interdigital Capacitors,InP,1-160,55.0,17.8,,,15.0,,10.5,,,,,,,,InP HBT
62,2020.0,8,Liu,Transformer-based Broadband mm-Wave InP PA across 42-62 GHz with Enhanced Linearity and Second Harmonic Engineering,InP,,56.0,19.4,32.0,PAE,,,10.0,,,,,,,,0.25 μm InP HBT
63,2021.0,1,Liu,A 42–62 GHz Transformer-Based Broadband mm-Wave InP PA With Second-Harmonic Waveform Engineering and Enhanced Linearity,InP,42-62,56.0,18.8,32.0,PAE,18.8,,10.0,,,,,,,,0.25 μm InP HBT
64,1999.0,10,Liu,High Efficiency Monolithic InP HEMT V-band Power Amplifier,InP,,60.0,23.5,43.0,PAE,,,,,,,,,,,
65,2019.0,6,Griffith,"A 140-GHz 0.25-W PA and a 55-135 GHz 115-135 mW PA,High-Gain, Broadband Power Amplifier MMICs in 250-nm InP HBT",InP,,60.0,20.57,6.7,PAE,,,14.0,,,,,,,,
66,2021.0,6,Huang,A 35-100GHz Continuous Mode Coupler Balun Doherty Power Amplifier with Differential Complex Neutralization in 250nm InP,InP,35-100,60.0,21.5,27.3,PAE,19.3,22.9,16.5,,,,,,,,250nm InP HBT
67,2022.0,6,Nguyen,A DC–170GHz InP Distributed Amplifier Using Transmission Line Loss Compensation Technique,InP,DC-170,60.0,13.0,,,11.0,,,,,,,,,,InP HBT
68,2022.0,7,Lee,Analysis and Demonstration of Mm-Wave Distributed Amplifiers With Modified Artificial Transmission Line Model,InP,6-261,60.0,11.2,,,4.8,,10.5,,,,,,,,250nm InP DHBT
69,2022.0,7,Lee,Analysis and Demonstration of Mm-Wave Distributed Amplifiers With Modified Artificial Transmission Line Model,InP,6-200,60.0,9.7,,,6.2,,12.2,,,,,,,,250nm InP DHBT
70,2020.0,6,Sharma,Broadband PA Architectures with Asymmetrical Combining and Stacked PA cells across 50-70 GHz and 64-110 GHz in 250 nm InP,InP,,65.0,19.5,22.5,PAE,6.0,,14.0,,,,,,,,250 nm InP
71,2019.0,6,Griffith,"A 140-GHz 0.25-W PA and a 55-135 GHz 115-135 mW PA,High-Gain, Broadband Power Amplifier MMICs in 250-nm InP HBT",InP,,70.0,21.0,8.7,PAE,,,14.0,,,,,,,,
72,2021.0,6,Huang,A 35-100GHz Continuous Mode Coupler Balun Doherty Power Amplifier with Differential Complex Neutralization in 250nm InP,InP,35-100,70.0,21.0,25.2,PAE,,,14.0,,,,,,,,250nm InP HBT
73,2022.0,6,Nguyen,A DC–170GHz InP Distributed Amplifier Using Transmission Line Loss Compensation Technique,InP,DC-170,70.0,13.0,,,11.5,,11.9,,,,,,,,InP HBT
74,2021.0,6,Shivan,A Highly Linear Dual-Stage Amplifier With Beyond 1.75-THz Gain–Bandwidth Product,InP,DC-110,70.0,,,,,,24.0,,,,,,,,InP DHBT
75,2015.0,10,Griffith,"340-440mW Broadband, High-Efficiency E-Band PA's in InP HBT",InP,,71.0,25.8,25.7,PAE,,,,,,,,,,,
76,2021.0,6,Huang,A 35-100GHz Continuous Mode Coupler Balun Doherty Power Amplifier with Differential Complex Neutralization in 250nm InP,InP,35-100,72.0,,,,,,,,-23.3,800.0,12.9,13.55,16QAM,,250nm InP HBT
77,2021.0,6,Huang,A 35-100GHz Continuous Mode Coupler Balun Doherty Power Amplifier with Differential Complex Neutralization in 250nm InP,InP,35-100,72.0,,,,,,,,-23.6,500.0,12.2,12.74,64QAM,,250nm InP HBT
78,2015.0,10,Griffith,"340-440mW Broadband, High-Efficiency E-Band PA's in InP HBT",InP,,74.0,26.3,27.6,PAE,,,,,,,,,,,
79,2003.0,6,Wei,75GHz 80mW InP DHBT Power Amplifier,InP,,75.0,19.0,8.0,PAE,,,,,,,,,,,
80,2017.0,11,Squartecchia,75 GHz InP DHBT Power Amplifier Based on Two-Stacked Transistors,InP,,75.0,21.4,3.0,PAE,,,,,,,,,,,
81,2020.0,7,Nguyen,A Wideband Gain-Enhancement Technique for Distributed Amplifiers,InP,60-145,75.0,20.9,,,18.5,,10.5,,,,,,,,
82,2015.0,10,Griffith,"340-440mW Broadband, High-Efficiency E-Band PA's in InP HBT",InP,,76.0,26.4,26.9,PAE,,,,,,,,,,,
83,2014.0,7,Yoon,A Fully-Integrated 40–222 GHz InP HBT Distributed Amplifier,InP,,77.0,9.2,5.0,PAE,,,,,,,,,,,
84,2019.0,4,Griffith,"A Compact 140-GHz, 150-mW High-Gain Power Amplifier MMIC in 250-nm InP HBT",InP,,80.0,19.3,6.2,PAE,,,,,,,,,,,InP HBT
85,2019.0,6,Griffith,"A 140-GHz 0.25-W PA and a 55-135 GHz 115-135 mW PA,High-Gain, Broadband Power Amplifier MMICs in 250-nm InP HBT",InP,,80.0,21.34,8.9,PAE,,,14.0,,,,,,,,
86,2021.0,6,Huang,A 35-100GHz Continuous Mode Coupler Balun Doherty Power Amplifier with Differential Complex Neutralization in 250nm InP,InP,35-100,80.0,20.0,24.0,PAE,,,12.0,,,,,,,,250nm InP HBT
87,2022.0,6,Nguyen,A DC–170GHz InP Distributed Amplifier Using Transmission Line Loss Compensation Technique,InP,DC-170,80.0,13.0,,,10.0,,,,,,,,,,InP HBT
88,2014.0,6,Park,"An 81 GHz, 470 mW, 1.1 mm2 InP HBT power amplifier with 4∶1 series power combining using sub-quarter-wavelength baluns",InP,,81.0,26.7,23.4,PAE,,,,,,,,,,,
89,2015.0,10,Griffith,"340-440mW Broadband, High-Efficiency E-Band PA's in InP HBT",InP,,81.0,25.6,22.2,PAE,,,,,,,,,,,
90,2016.0,5,Griffith,71–95 GHz (23–40% PAE) and 96–120 GHz (19–22% PAE) high efficiency 100–130 mW power amplifiers,InP,,81.0,21.1,40.0,PAE,,,,,,,,,,,
91,2020.0,8,Sharma,Broadband PA Architectures with Asymmetrical Combining and Stacked PA cells across 50-70 GHz and 64-110 GHz in 250 nm InP,InP,,81.0,20.0,18.0,PAE,5.0,,13.0,,,,,,,,250 nm InP
92,2020.0,1,Griffith,"A W-Band SSPA With 100–140-mW Pout, >20% PAE, and 26–30-dB S21 Gain Across 88–104 GHz",InP,,84.0,17.6,12.9,PAE,,,,,,,,,,,
93,2013.0,10,Park,30% PAE W-band InP Power Amplifiers using Sub-quarter-wavelength Baluns for Series-connected Powercombining,InP,,86.0,20.4,30.4,PAE,,,,,,,,,,,
94,2013.0,10,Park,30% PAE W-band InP Power Amplifiers using Sub-quarter-wavelength Baluns for Series-connected Powercombining,InP,,86.0,23.1,30.2,PAE,,,,,,,,,,,
95,2014.0,6,Daneshgar,High efficiency W-band power amplifiers using ring-shaped sub-quarter-wavelength power combining technique,InP,,86.0,20.86,32.0,PAE,,,,,,,,,,,
96,2015.0,10,Griffith,"340-440mW Broadband, High-Efficiency E-Band PA's in InP HBT",InP,,86.0,25.5,23.6,PAE,,,,,,,,,,,
97,2015.0,10,Griffith,"340-440mW Broadband, High-Efficiency E-Band PA's in InP HBT",InP,,86.0,25.6,21.9,PAE,,,,,,,,,,,
98,2016.0,5,Nosaeva,A 200 mW InP DHBT W-band Power Amplifier in Transferred-Substrate Technology with Integrated Diamond Heat Spreader,InP,,87.0,23.0,20.0,PAE,,,,,,,,,,,
99,2020.0,1,Griffith,"A W-Band SSPA With 100–140-mW Pout, >20% PAE, and 26–30-dB S21 Gain Across 88–104 GHz",InP,,88.0,19.3,18.3,PAE,,,28.0,,,,,,,,
100,2012.0,5,Yao,A 20-dB Gain W-band InP DHBT Power Amplifier,InP,,89.0,19.7,,,,,,,,,,,,,
101,2017.0,9,Radisic,W-Band InP HBT Power Amplifiers,InP,,89.0,15.6,21.1,PAE,,,,,,,,,,,
102,2016.0,10,Maurer,Ultra-Wideband mm-Wave InP Power Amplifiers in 130 nm InP HBT Technology,InP,,90.0,22.0,14.7,PAE,,,,,,,,,,,
103,2019.0,4,Griffith,"A Compact 140-GHz, 150-mW High-Gain Power Amplifier MMIC in 250-nm InP HBT",InP,,90.0,19.7,6.9,PAE,,,,,,,,,,,InP HBT
104,2019.0,6,Ahmed,A W-Band transmitter channel with 16dBm output power and a receiverchannel with 58.6mW DC power consumption using heterogeneouslyintegrated InP HBT and Si CMOS technologies,InP,,90.0,16.0,,,,,19.0,,,,,,,,
105,2019.0,6,Griffith,"A 140-GHz 0.25-W PA and a 55-135 GHz 115-135 mW PA,High-Gain, Broadband Power Amplifier MMICs in 250-nm InP HBT",InP,,90.0,21.37,8.7,PAE,,,14.0,,,,,,,,
106,2021.0,6,Huang,A 35-100GHz Continuous Mode Coupler Balun Doherty Power Amplifier with Differential Complex Neutralization in 250nm InP,InP,35-100,90.0,19.0,19.0,PAE,,,15.1,,,,,,,,250nm InP HBT
107,2021.0,6,Liu,80–110-GHz Broadband Linear PA with 33% Peak PAE and Comparison of Stacked Common Base and Common Emitter PA in InP,InP,85-105,90.0,19.6,34.0,PAE,,,6.0,,-28.22,500.0,12.9,14.0,16QAM,,250nm InP HBT
108,2021.0,6,Liu,80–110-GHz Broadband Linear PA with 33% Peak PAE and Comparison of Stacked Common Base and Common Emitter PA in InP,InP,82-110,90.0,18.7,33.0,PAE,,,11.8,,-32.47,500.0,11.8,15.9,64QAM,,250nm InP HBT
109,2021.0,1,Hossain,A W-Band Transceiver Chip for Future 5G Communications in InP-DHBT Technology,InP,,90.0,16.0,18.0,PAE,,,10.0,,,,,,,, 0.8 μm InP-DHBT 
110,2022.0,6,Nguyen,A DC–170GHz InP Distributed Amplifier Using Transmission Line Loss Compensation Technique,InP,DC-170,90.0,13.0,,,10.5,,,,,,,,,,InP HBT
111,2021.0,6,Shivan,A Highly Linear Dual-Stage Amplifier With Beyond 1.75-THz Gain–Bandwidth Product,InP,DC-110,90.0,,,,,,29.0,,,,,,,,InP DHBT
112,2020.0,1,Griffith,"A W-Band SSPA With 100–140-mW Pout, >20% PAE, and 26–30-dB S21 Gain Across 88–104 GHz",InP,,92.0,20.1,22.2,PAE,,,,,,,,,,,
113,2017.0,9,Radisic,W-Band InP HBT Power Amplifiers,InP,,93.0,12.0,41.7,PAE,,,,,,,,,,,
114,2014.0,1,Zaknoune,0.2-μm InP/GaAsSb DHBT Power Performance With 10 mW/μm2 and 25% PAE at 94 GHz,InP,,94.0,11.0,27.7,PAE,,,,,,,,,,,
115,2014.0,1,Zaknoune,0.2-μm InP/GaAsSb DHBT Power Performance With 10 mW/μm2 and 25% PAE at 94 GHz,InP,,94.0,12.8,25.2,PAE,,,,,,,,,,,
116,2016.0,5,Griffith,71–95 GHz (23–40% PAE) and 96–120 GHz (19–22% PAE) high efficiency 100–130 mW power amplifiers,InP,,94.0,20.2,28.6,PAE,,,,,,,,,,,
117,2016.0,10,Wentzel,An efficient W-band InP DHBT digital power amplifier,InP,,95.0,14.4,31.0,PAE,,,5.6,,,,,,,,
118,2020.0,8,Sharma,Broadband PA Architectures with Asymmetrical Combining and Stacked PA cells across 50-70 GHz and 64-110 GHz in 250 nm InP,InP,64-110,95.0,21.0,24.0,PAE,5.0,,13.0,,,,,,,,250 nm InP
119,2020.0,1,Griffith,"A W-Band SSPA With 100–140-mW Pout, >20% PAE, and 26–30-dB S21 Gain Across 88–104 GHz",InP,,96.0,20.3,21.2,PAE,,,20.0,,,,,,,,
120,2016.0,5,Griffith,71–95 GHz (23–40% PAE) and 96–120 GHz (19–22% PAE) high efficiency 100–130 mW power amplifiers,InP,,97.0,20.2,21.6,PAE,,,15.0,,,,,,,,
121,2021.0,6,Liu,80–110-GHz Broadband Linear PA with 33% Peak PAE and Comparison of Stacked Common Base and Common Emitter PA in InP,InP,85-105,98.0,20.0,33.0,PAE,,,5.3,,,,,,,,250nm InP HBT
122,2021.0,6,Liu,80–110-GHz Broadband Linear PA with 33% Peak PAE and Comparison of Stacked Common Base and Common Emitter PA in InP,InP,82-110,98.0,18.75,31.6,PAE,,,9.2,,,,,,,,250nm InP HBT
123,2019.0,4,Griffith,"A Compact 140-GHz, 150-mW High-Gain Power Amplifier MMIC in 250-nm InP HBT",InP,,100.0,20.0,7.2,PAE,,,21.0,,,,,,,,InP HBT
124,2019.0,6,Griffith,"A 140-GHz 0.25-W PA and a 55-135 GHz 115-135 mW PA,High-Gain, Broadband Power Amplifier MMICs in 250-nm InP HBT",InP,,100.0,21.79,3.9,PAE,,,12.5,,,,,,,,
125,2019.0,6,Griffith,"A 140-GHz 0.25-W PA and a 55-135 GHz 115-135 mW PA,High-Gain, Broadband Power Amplifier MMICs in 250-nm InP HBT",InP,,100.0,21.07,8.2,PAE,,,14.5,,,,,,,,
126,2020.0,1,Griffith,"A W-Band SSPA With 100–140-mW Pout, >20% PAE, and 26–30-dB S21 Gain Across 88–104 GHz",InP,,100.0,20.3,22.0,PAE,,,28.0,,,,,,,,
127,2021.0,6,Huang,A 35-100GHz Continuous Mode Coupler Balun Doherty Power Amplifier with Differential Complex Neutralization in 250nm InP,InP,35-100,100.0,19.0,14.9,PAE,,,14.9,,,,,,,,250nm InP HBT
128,2020.0,12,Nguyen,A High Output Power 1 – 150 GHz Distributed Power Amplifier in InP HBT Technology,InP,1-150,100.0,15.4,10.0,PAE,14.3,,,,,,,,,,InP HBT
129,2022.0,6,Nguyen,A DC–170GHz InP Distributed Amplifier Using Transmission Line Loss Compensation Technique,InP,DC-170,100.0,12.0,,,10.1,,13.9,,,,,,,,InP HBT
130,2021.0,12,Jyo,An Over 130-GHz-Bandwidth InP-DHBT Baseband Amplifier Module,InP,DC-208,100.0,6.8,,,,,10.0,,,,,,,,250-nm InP DHBT
131,2022.0,7,Lee,Analysis and Demonstration of Mm-Wave Distributed Amplifiers With Modified Artificial Transmission Line Model,InP,6-261,100.0,,,,,,10.0,,,,,,,,250nm InP DHBT
132,2022.0,7,Lee,Analysis and Demonstration of Mm-Wave Distributed Amplifiers With Modified Artificial Transmission Line Model,InP,6-200,100.0,,,,,,10.1,,,,,,,,250nm InP DHBT
133,2022.0,4,Shrestha,A 100 GHz Class-F-Like InP-DHBT PA with 25.4% PAE,InP,92-103,101.0,11.0,25.4,PAE,8.8,,5.0,,,,,,,,InP DHBT
134,2022.0,4,Shrestha,A 100 GHz Class-F-Like InP-DHBT PA with 25.4% PAE,InP,92-103,101.0,12.5,24.0,PAE,10.9,,5.0,,,,,,,,InP DHBT
135,2020.0,1,Griffith,"A W-Band SSPA With 100–140-mW Pout, >20% PAE, and 26–30-dB S21 Gain Across 88–104 GHz",InP,,104.0,19.6,19.6,PAE,,,30.0,,,,,,,,
136,2016.0,5,Griffith,71–95 GHz (23–40% PAE) and 96–120 GHz (19–22% PAE) high efficiency 100–130 mW power amplifiers,InP,,110.0,20.2,22.5,PAE,,,18.0,,,,,,,,
137,2018.0,11,Shivan,A Highly Efficient Ultrawideband Traveling-Wave Amplifier in InP DHBT Technology,InP,,110.0,11.0,8.0,PAE,10.0,,13.0,,,,,,,,InP DHBT
138,2019.0,4,Griffith,"A Compact 140-GHz, 150-mW High-Gain Power Amplifier MMIC in 250-nm InP HBT",InP,,110.0,20.6,8.7,PAE,,,25.0,,,,,,,,InP HBT
139,2019.0,6,Griffith,"A 140-GHz 0.25-W PA and a 55-135 GHz 115-135 mW PA,High-Gain, Broadband Power Amplifier MMICs in 250-nm InP HBT",InP,,110.0,23.24,5.8,PAE,,,14.25,,,,,,,,
140,2019.0,6,Griffith,"A 140-GHz 0.25-W PA and a 55-135 GHz 115-135 mW PA,High-Gain, Broadband Power Amplifier MMICs in 250-nm InP HBT",InP,,110.0,20.93,8.2,PAE,,,14.5,,,,,,,,
141,2019.0,9,Griffith,A 115-185 GHz 75-115 mW High-Gain PA MMIC in 250-nm InP HBT,InP,,110.0,18.3,4.2,PAE,,,11.0,,,,,,,,
142,2020.0,7,Nguyen,A wideband Gain-Enhancement Technique for Distributed Amplifiers,InP,60-145,110.0,20.9,19.2,PAE,19.0,13.0,10.5,,,,,,,,InP HBT
143,2020.0,8,Shivan,High Output Power Ultra-Wideband Distributed Amplifier in InP DHBT Technology Using Diamond Heat Spreader,InP,,110.0,13.5,7.0,PAE,13.0,,12.0,,,,,,,,0.5 μm emitter size InP DHBT 
144,2020.0,3,Nguyen,A 1–160-GHz InP Distributed Amplifier Using 3-D Interdigital Capacitors,InP,,110.0,16.5,12.5,PAE,15.5,,10.0,,,,,,,,
145,2020.0,7,Nguyen,A Wideband Gain-Enhancement Technique for Distributed Amplifiers,InP,,110.0,20.2,19.2,PAE,18.6,,6.5,,,,,,,,
146,2020.0,3,Nguyen,A 1-160-GHz InP Distributed Amplifier Using 3-D Interdigital Capacitors,InP,1-160,110.0,17.0,10.5,PAE,15.0,10.0,10.5,,,,,,,,InP HBT
147,2020.0,12,Nguyen,A High Output Power 1 – 150 GHz Distributed Power Amplifier in InP HBT Technology,InP,1-150,110.0,16.7,,,15.9,,,,,,,,,,InP HBT
148,2021.0,6,Shivan,A Highly Linear Dual-Stage Amplifier With Beyond 1.75-THz Gain–Bandwidth Product,InP,DC-110,110.0,,,,,,26.0,,,,,,,,InP DHBT
149,2022.0,6,Chien,"A Compact, 114GHz, High-Efficiency Power Amplifier in a 250nm InP HBT Process",InP,110-128,114.0,17.6,32.7,PAE,,,8.3,,,,,,,,250nm InP HBT
150,2019.0,4,Griffith,"A Compact 140-GHz, 150-mW High-Gain Power Amplifier MMIC in 250-nm InP HBT",InP,,115.0,21.0,10.5,PAE,,,28.0,,,,,,,,InP HBT
151,2019.0,6,Griffith,"A 140-GHz 0.25-W PA and a 55-135 GHz 115-135 mW PA,High-Gain, Broadband Power Amplifier MMICs in 250-nm InP HBT",InP,,115.0,20.9,8.0,PAE,,,14.5,,,,,,,,
152,2019.0,9,Griffith,A 115-185 GHz 75-115 mW High-Gain PA MMIC in 250-nm InP HBT,InP,,115.0,19.24,5.6,PAE,,,13.0,,,,,,,,
153,2016.0,5,Griffith,71–95 GHz (23–40% PAE) and 96–120 GHz (19–22% PAE) high efficiency 100–130 mW power amplifiers,InP,,118.0,19.3,18.9,PAE,,,,,,,,,,,
154,2022.0,4,Zhang,A 117.5-130 GHz 22.1 dBm 11.5% PAE DAT Based Power Amplifier in InP 130 nm HBT Technology,InP,117.5-130,120.0,22.1,11.5,PAE,20.3,8.7,14.8,,,,,,,,130nm HBT
155,2020.0,8,Ahmed,A 140GHz power amplifier with 20.5dBm output power and 20.8% PAE in 250-nm InP HBT technology,InP,,125.0,20.0,,,,,18.5,,,,,,,,250nm InP
156,2022.0,4,Zhang,A 117.5-130 GHz 22.1 dBm 11.5% PAE DAT Based Power Amplifier in InP 130 nm HBT Technology,InP,117.5-130,125.0,21.5,9.8,PAE,,,15.0,,,,,,,,130nm HBT
157,2019.0,4,Griffith,"A Compact 140-GHz, 150-mW High-Gain Power Amplifier MMIC in 250-nm InP HBT",InP,,130.0,21.0,8.4,PAE,,,,,,,,,,,InP HBT
158,2019.0,6,Griffith,"A 140-GHz 0.25-W PA and a 55-135 GHz 115-135 mW PA,High-Gain, Broadband Power Amplifier MMICs in 250-nm InP HBT",InP,,130.0,23.78,6.9,PAE,,,16.0,,,,,,,,
159,2019.0,6,Griffith,"A 140-GHz 0.25-W PA and a 55-135 GHz 115-135 mW PA,High-Gain, Broadband Power Amplifier MMICs in 250-nm InP HBT",InP,,130.0,21.27,8.8,PAE,,,15.0,,,,,,,,
160,2019.0,9,Griffith,A 115-185 GHz 75-115 mW High-Gain PA MMIC in 250-nm InP HBT,InP,,130.0,20.68,8.3,PAE,,,13.0,,,,,,,,
161,2020.0,8,Ning,A 130-GHz Power Amplifier in a 250-nm InP Process with 32% PAE,InP,118-148,130.0,15.3,32.0,PAE,14.4,,7.0,,,,,,,,250nm InP HBT
162,2020.0,8,Ahmed,A 140GHz power amplifier with 20.5dBm output power and 20.8% PAE in 250-nm InP HBT technology,InP,,130.0,19.8,,,,,19.5,,,,,,,,250nm InP
163,2022.0,4,Zhang,A 117.5-130 GHz 22.1 dBm 11.5% PAE DAT Based Power Amplifier in InP 130 nm HBT Technology,InP,117.5-130,130.0,21.5,8.5,PAE,,,16.0,,,,,,,,130nm HBT
164,2021.0,1,Ahmed,A 200mW D-band Power Amplifier with 17.8% PAE in 250-nm InP HBT Technology,InP,125.8-145.8,131.0,23.0,17.8,PAE,,,16.5,,,,,,,,250-nm InP HBT
165,2014.0,7,Yoon,A Fully-Integrated 40–222 GHz InP HBT Distributed Amplifier,InP,,134.0,8.5,3.8,PAE,,,,,,,,,,,
166,2020.0,8,Ahmed,A 140GHz power amplifier with 20.5dBm output power and 20.8% PAE in 250-nm InP HBT technology,InP,,135.0,20.6,,,,,19.8,,,,,,,,250nm InP
167,2019.0,4,Griffith,"A Compact 140-GHz, 150-mW High-Gain Power Amplifier MMIC in 250-nm InP HBT",InP,,140.0,21.84,9.8,PAE,,,,,,,,,,,InP HBT
168,2019.0,6,Griffith,"A 140-GHz 0.25-W PA and a 55-135 GHz 115-135 mW PA,High-Gain, Broadband Power Amplifier MMICs in 250-nm InP HBT",InP,,140.0,24.03,7.0,PAE,,,15.0,,,,,,,,
169,2019.0,6,Griffith,"A 140-GHz 0.25-W PA and a 55-135 GHz 115-135 mW PA,High-Gain, Broadband Power Amplifier MMICs in 250-nm InP HBT",InP,,140.0,20.13,6.7,PAE,,,10.0,,,,,,,,
170,2019.0,9,Griffith,A 115-185 GHz 75-115 mW High-Gain PA MMIC in 250-nm InP HBT,InP,,140.0,20.49,7.9,PAE,,,13.0,,,,,,,,
171,2020.0,8,Ahmed,A 140GHz power amplifier with 20.5dBm output power and 20.8% PAE in 250-nm InP HBT technology,InP,125-150,140.0,20.5,20.8,PAE,17.0,,20.3,,,,,,,,250nm InP
172,2021.0,1,Bao,G-band Power Amplifiers in 130 nm InP Technology,InP,140-210,140.0,11.4,10.6,PAE,2.4,,27.5,,,,,,,,130 nm InP DHBT
173,2021.0,1,Bao,G-band Power Amplifiers in 130 nm InP Technology,InP,130-220,140.0,7.9,8.7,PAE,-0.3,,15.93,,,,,,,,130 nm InP DHBT
174,2022.0,6,Lam,"A 2-Stage, 140GHz Class-B Power Amplifier Achieving 22.5% PAE at 17.3dBm in a 250nm InP HBT Technology",InP,133-147,140.0,17.3,22.5,PAE,13.0,10.0,10.4,,,,,,,,250nm InP HBT
175,2022.0,6,Nguyen,A DC–170GHz InP Distributed Amplifier Using Transmission Line Loss Compensation Technique,InP,DC-170,140.0,11.5,,,9.0,,18.0,,,,,,,,InP HBT
176,2022.0,4,Hossain,"A D-Band Power Amplifier with 12dBm P1dB, 10% Power Added Efficiency in InP-DHBT Technology",InP,141-170,141.0,12.1,7.0,PAE,,,12.0,,,,,,,, 800 nm InP-DHBT
177,2020.0,8,Ahmed,A 140GHz power amplifier with 20.5dBm output power and 20.8% PAE in 250-nm InP HBT technology,InP,,144.0,20.1,,,,,19.5,,,,,,,,250nm InP
178,2019.0,4,Griffith,"A Compact 140-GHz, 150-mW High-Gain Power Amplifier MMIC in 250-nm InP HBT",InP,,145.0,21.46,8.7,PAE,,,,,,,,,,,InP HBT
179,2019.0,6,Griffith,"A 140-GHz 0.25-W PA and a 55-135 GHz 115-135 mW PA,High-Gain, Broadband Power Amplifier MMICs in 250-nm InP HBT",InP,,145.0,23.56,6.6,PAE,,,15.0,,,,,,,,
180,2019.0,6,Shivan,A 175 GHz Bandwidth High Linearity Distributed Amplifier in 500 nmInP DHBT Technology,InP,,145.0,10.2,6.0,PAE,8.0,,12.0,,,,,,,,
181,2020.0,8,Ahmed,A 140GHz power amplifier with 20.5dBm output power and 20.8% PAE in 250-nm InP HBT technology,InP,,145.0,20.0,,,,,19.0,,,,,,,,250nm InP
182,2021.0,1,Ahmed,A 200mW D-band Power Amplifier with 17.8% PAE in 250-nm InP HBT Technology,InP,125.8-145.8,145.0,22.6,16.9,PAE,,,15.3,,,,,,,,250-nm InP HBT
183,2022.0,4,Hossain,"A D-Band Power Amplifier with 12dBm P1dB, 10% Power Added Efficiency in InP-DHBT Technology",InP,141-170,145.0,14.0,10.0,PAE,12.0,,11.0,,,,,,,, 800 nm InP-DHBT
184,2020.0,8,Ahmed,A 140GHz power amplifier with 20.5dBm output power and 20.8% PAE in 250-nm InP HBT technology,InP,,146.0,19.5,,,,,19.0,,,,,,,,250nm InP
185,2020.0,8,Ahmed,A 140GHz power amplifier with 20.5dBm output power and 20.8% PAE in 250-nm InP HBT technology,InP,,147.0,19.3,,,,,18.9,,,,,,,,250nm InP
186,2004.0,2,Samoska,"A 20 mW, 150 GHz InP HEMT MMIC Power Amplifier Module",InP,,150.0,13.0,3.0,PAE,,,,,,,,,,,
187,2019.0,4,Griffith,"A Compact 140-GHz, 150-mW High-Gain Power Amplifier MMIC in 250-nm InP HBT",InP,,150.0,21.03,8.2,PAE,,,,,,,,,,,InP HBT
188,2019.0,6,Griffith,"A 140-GHz 0.25-W PA and a 55-135 GHz 115-135 mW PA,High-Gain, Broadband Power Amplifier MMICs in 250-nm InP HBT",InP,,150.0,23.26,6.1,PAE,,,14.5,,,,,,,,
189,2019.0,6,Shivan,A 175 GHz Bandwidth High Linearity Distributed Amplifier in 500 nmInP DHBT Technology,InP,,150.0,10.0,6.0,PAE,8.2,,12.0,,,,,,,,
190,2019.0,9,Griffith,A 115-185 GHz 75-115 mW High-Gain PA MMIC in 250-nm InP HBT,InP,,150.0,19.24,5.6,PAE,,,13.0,,,,,,,,
191,2020.0,8,Ahmed,A 140GHz power amplifier with 20.5dBm output power and 20.8% PAE in 250-nm InP HBT technology,InP,,150.0,19.0,,,,,18.5,,,,,,,,250nm InP
192,2021.0,1,Bao,G-band Power Amplifiers in 130 nm InP Technology,InP,140-210,150.0,13.4,17.3,PAE,4.9,,32.6,,,,,,,,130 nm InP DHBT
193,2021.0,1,Bao,G-band Power Amplifiers in 130 nm InP Technology,InP,130-220,150.0,9.6,14.0,PAE,4.8,,16.97,,,,,,,,130 nm InP DHBT
194,2022.0,6,Griffith,A 150–175GHz 30dB S21 G-Band Power Amplifier with 0.25W Pout and 15.7% PAE in a 250nm InP HBT Technology,InP,150-175,150.0,23.84,15.1,PAE,20.9,8.34,28.9,,,,,,,,250nm InP HBT
195,2022.0,6,Nguyen,A DC–170GHz InP Distributed Amplifier Using Transmission Line Loss Compensation Technique,InP,DC-170,150.0,10.1,,,8.5,,19.5,,,,,,,,InP HBT
196,2021.0,12,Jyo,An Over 130-GHz-Bandwidth InP-DHBT Baseband Amplifier Module,InP,DC-208,150.0,,,,,,12.0,,,,,,,,250-nm InP DHBT
197,2022.0,6,Griffith,A 150–175-GHz 30-dB S21 Power Amplifier With 125-mW Pout and 16.2% PAE Using InP HBT,InP,150-175,150.0,20.17,12.5,PAE,,,31.9,,,,,,,,250nm InP HBT
198,2019.0,6,Shivan,A 175 GHz Bandwidth High Linearity Distributed Amplifier in 500 nmInP DHBT Technology,InP,,155.0,9.0,5.0,PAE,8.0,,12.0,,,,,,,,
199,2019.0,6,Shivan,A 175 GHz Bandwidth High Linearity Distributed Amplifier in 500 nmInP DHBT Technology,InP,,160.0,8.5,4.2,PAE,7.0,,12.0,,,,,,,,
200,2019.0,9,Griffith,A 115-185 GHz 75-115 mW High-Gain PA MMIC in 250-nm InP HBT,InP,,160.0,19.08,5.4,PAE,,,14.0,,,,,,,,
201,2020.0,8,Griffith,"A 160-183 GHz 0.24-W (7.5% PAE) PA and 0.14-W (9.5% PAE) PA, High-Gain, G-band Power Amplifier MMICs in 250-nm InP HBT",InP,,160.0,23.74,7.2,PAE,20.09,,20.0,,,,,,,,250-nm InP HBT
202,2020.0,8,Griffith,"A 160-183 GHz 0.24-W (7.5% PAE) PA and 0.14-W (9.5% PAE) PA, High-Gain, G-band Power Amplifier MMICs in 250-nm InP HBT",InP,,160.0,20.71,8.0,PAE,16.99,,20.5,,,,,,,,250-nm InP HBT
203,2021.0,1,Bao,G-band Power Amplifiers in 130 nm InP Technology,InP,140-210,160.0,12.6,14.3,PAE,-0.1,,29.29,,,,,,,,130 nm InP DHBT
204,2021.0,1,Bao,G-band Power Amplifiers in 130 nm InP Technology,InP,130-220,160.0,8.7,11.0,PAE,1.9,,15.84,,,,,,,,130 nm InP DHBT
205,2022.0,6,Griffith,A 150–175GHz 30dB S21 G-Band Power Amplifier with 0.25W Pout and 15.7% PAE in a 250nm InP HBT Technology,InP,150-175,160.0,23.98,15.7,PAE,19.68,6.0,32.6,,,,,,,,250nm InP HBT
206,2022.0,6,Griffith,A 150–175-GHz 30-dB S21 Power Amplifier With 125-mW Pout and 16.2% PAE Using InP HBT,InP,150-175,160.0,20.9,15.1,PAE,15.33,,31.5,,,,,,,,250nm InP HBT
207,2019.0,6,Shivan,A 175 GHz Bandwidth High Linearity Distributed Amplifier in 500 nmInP DHBT Technology,InP,,165.0,7.5,4.0,PAE,6.0,,12.0,,,,,,,,
208,2020.0,8,Griffith,"A 160-183 GHz 0.24-W (7.5% PAE) PA and 0.14-W (9.5% PAE) PA, High-Gain, G-band Power Amplifier MMICs in 250-nm InP HBT",InP,,165.0,23.74,,,,,20.0,,,,,,,,250-nm InP HBT
209,2020.0,8,Griffith,"A 160-183 GHz 0.24-W (7.5% PAE) PA and 0.14-W (9.5% PAE) PA, High-Gain, G-band Power Amplifier MMICs in 250-nm InP HBT",InP,,165.0,21.04,,,,,23.0,,,,,,,,250-nm InP HBT
210,2022.0,6,Griffith,A 150–175-GHz 30-dB S21 Power Amplifier With 125-mW Pout and 16.2% PAE Using InP HBT,InP,150-175,165.0,20.97,15.7,PAE,15.35,,30.5,,,,,,,,250nm InP HBT
211,2022.0,4,Hossain,"A D-Band Power Amplifier with 12dBm P1dB, 10% Power Added Efficiency in InP-DHBT Technology",InP,141-170,165.0,11.0,10.0,PAE,,,6.0,,,,,,,, 800 nm InP-DHBT
212,2019.0,9,Griffith,A 115-185 GHz 75-115 mW High-Gain PA MMIC in 250-nm InP HBT,InP,,170.0,19.4,5.7,PAE,,,13.0,,,,,,,,
213,2020.0,8,Griffith,"A 160-183 GHz 0.24-W (7.5% PAE) PA and 0.14-W (9.5% PAE) PA, High-Gain, G-band Power Amplifier MMICs in 250-nm InP HBT",InP,,170.0,23.87,7.5,PAE,20.79,,21.0,,,,,,,,250-nm InP HBT
214,2020.0,8,Griffith,"A 160-183 GHz 0.24-W (7.5% PAE) PA and 0.14-W (9.5% PAE) PA, High-Gain, G-band Power Amplifier MMICs in 250-nm InP HBT",InP,,170.0,21.43,9.5,PAE,18.45,,23.5,,,,,,,,250-nm InP HBT
215,2022.0,6,Griffith,A 150–175GHz 30dB S21 G-Band Power Amplifier with 0.25W Pout and 15.7% PAE in a 250nm InP HBT Technology,InP,150-175,170.0,23.56,14.3,PAE,20.61,7.5,30.9,,,,,,,,250nm InP HBT
216,2022.0,6,Nguyen,A DC–170GHz InP Distributed Amplifier Using Transmission Line Loss Compensation Technique,InP,DC-170,170.0,-2.0,,,-2.0,,,,,,,,,,InP HBT
217,2022.0,6,Griffith,A 150–175-GHz 30-dB S21 Power Amplifier With 125-mW Pout and 16.2% PAE Using InP HBT,InP,150-175,170.0,21.0,16.2,PAE,17.0,,30.0,,,,,,,,250nm InP HBT
218,2020.0,8,Griffith,"A 160-183 GHz 0.24-W (7.5% PAE) PA and 0.14-W (9.5% PAE) PA, High-Gain, G-band Power Amplifier MMICs in 250-nm InP HBT",InP,160-183,171.0,,,,,,21.0,,,,,,,,250-nm InP HBT
219,2020.0,8,Griffith,"A 160-183 GHz 0.24-W (7.5% PAE) PA and 0.14-W (9.5% PAE) PA, High-Gain, G-band Power Amplifier MMICs in 250-nm InP HBT",InP,,171.0,,,,,,23.6,,,,,,,,250-nm InP HBT
220,2020.0,8,Griffith,"A 160-183 GHz 0.24-W (7.5% PAE) PA and 0.14-W (9.5% PAE) PA, High-Gain, G-band Power Amplifier MMICs in 250-nm InP HBT",InP,,175.0,23.48,,,,,20.0,,,,,,,,250-nm InP HBT
221,2020.0,8,Griffith,"A 160-183 GHz 0.24-W (7.5% PAE) PA and 0.14-W (9.5% PAE) PA, High-Gain, G-band Power Amplifier MMICs in 250-nm InP HBT",InP,,175.0,21.07,,,,,23.0,,,,,,,,250-nm InP HBT
222,2021.0,12,Jyo,An Over 130-GHz-Bandwidth InP-DHBT Baseband Amplifier Module,InP,DC-208,175.0,,,,,,13.9,,,,,,,,250-nm InP DHBT
223,2022.0,6,Griffith,A 150–175-GHz 30-dB S21 Power Amplifier With 125-mW Pout and 16.2% PAE Using InP HBT,InP,150-175,175.0,20.45,14.2,PAE,,,32.0,,,,,,,,250nm InP HBT
224,2019.0,9,Griffith,A 115-185 GHz 75-115 mW High-Gain PA MMIC in 250-nm InP HBT,InP,,180.0,18.92,5.2,PAE,,,13.0,,,,,,,,
225,2020.0,8,Griffith,"A 160-183 GHz 0.24-W (7.5% PAE) PA and 0.14-W (9.5% PAE) PA, High-Gain, G-band Power Amplifier MMICs in 250-nm InP HBT",InP,,180.0,22.92,6.0,PAE,17.78,,20.0,,,,,,,,250-nm InP HBT
226,2020.0,8,Griffith,"A 160-183 GHz 0.24-W (7.5% PAE) PA and 0.14-W (9.5% PAE) PA, High-Gain, G-band Power Amplifier MMICs in 250-nm InP HBT",InP,,180.0,20.83,8.4,PAE,16.02,,22.0,,,,,,,,250-nm InP HBT
227,2020.0,8,Griffith,"A 160-183 GHz 0.24-W (7.5% PAE) PA and 0.14-W (9.5% PAE) PA, High-Gain, G-band Power Amplifier MMICs in 250-nm InP HBT",InP,,183.0,22.48,,,,,18.0,,,,,,,,250-nm InP HBT
228,2020.0,8,Griffith,"A 160-183 GHz 0.24-W (7.5% PAE) PA and 0.14-W (9.5% PAE) PA, High-Gain, G-band Power Amplifier MMICs in 250-nm InP HBT",InP,,183.0,20.64,,,,,21.5,,,,,,,,250-nm InP HBT
229,2018.0,11,Hamada,High output power and Reverse isolation G-band Power amplifier Module Based on 80-nm InP HEMT ,InP,,185.0,13.0,,,8.0,,22.0,,,,,,,,InP HEMT 80nm
230,2019.0,9,Griffith,A 115-185 GHz 75-115 mW High-Gain PA MMIC in 250-nm InP HBT,InP,,185.0,19.08,5.5,PAE,,,14.0,,,,,,,,
231,2019.0,9,Griffith,A 115-185 GHz 75-115 mW High-Gain PA MMIC in 250-nm InP HBT,InP,,190.0,18.39,4.7,PAE,,,12.0,,,,,,,,
232,2021.0,6,Ahmed,A 190-210GHz Power Amplifier with 17.7-18.5dBm Output Power and 6.9-8.5% PAE,InP,190-210,194.0,18.5,8.5,PAE,17.4,,21.0,,,,,,,,250nm InP HBT
233,2015.0,10,Griffith,"190-260GHz High-Power, Broadband PA's in 250nm InP HBT",InP,,200.0,23.4,,,,,,,,,,,,,
234,2017.0,6,Griffith,"180-265 GHz, 17-24 dBm Output Power Broadband, High-Gain Power Amplifiers in InP HBT",InP,,200.0,21.5,5.1,PAE,,,,,,,,,,,
235,2017.0,6,Griffith,"180-265 GHz, 17-24 dBm Output Power Broadband, High-Gain Power Amplifiers in InP HBT",InP,,200.0,24.0,4.1,PAE,,,,,,,,,,,
236,2021.0,12,Jyo,An Over 130-GHz-Bandwidth InP-DHBT Baseband Amplifier Module,InP,DC-208,200.0,,,,,,8.0,,,,,,,,250-nm InP DHBT
237,2022.0,7,Lee,Analysis and Demonstration of Mm-Wave Distributed Amplifiers With Modified Artificial Transmission Line Model,InP,6-261,200.0,,,,,,9.5,,,,,,,,250nm InP DHBT
238,2022.0,7,Lee,Analysis and Demonstration of Mm-Wave Distributed Amplifiers With Modified Artificial Transmission Line Model,InP,6-200,200.0,,,,,,10.0,,,,,,,,250nm InP DHBT
239,2021.0,6,Ahmed,A 190-210GHz Power Amplifier with 17.7-18.5dBm Output Power and 6.9-8.5% PAE,InP,190-210,202.0,18.3,7.9,PAE,16.6,,21.5,,,,,,,,250nm InP HBT
240,2018.0,9,Ahmed,204GHz Stacked-Power Amplifiers Designed by a Novel Two-Port Technique,InP,,204.0,15.39,5.8,PAE,,,11.7,,,,,,,,InP HBT 130nm
241,2018.0,9,Ahmed,204GHz Stacked-Power Amplifiers Designed by a Novel Two-Port Technique,InP,,204.0,17.99,4.8,PAE,,,16.5,,,,,,,,InP HBT 130nm
242,2015.0,5,Kazemi,350mW G-band Medium Power Amplifier Fabricated Through a New Method of 3D-Copper Additive Manufacturing,InP,,205.0,26.5,,,,,,,,,,,,,
243,2013.0,10,Reed,A 180mW InP HBT Power Amplifier MMIC at 214 GHz,InP,,208.0,21.6,,,,,,,,,,,,,
244,2015.0,10,Griffith,"90-260GHz High-Power, Broadband PA's in 250nm InP HBT",InP,,210.0,23.2,,,,,,,,,,,,,
245,2013.0,10,Reed,A 180mW InP HBT Power Amplifier MMIC at 214 GHz,InP,,214.0,22.6,,,,,,,,,,,,,
246,2012.0,6,Reed,A 58.4mW Solid-State Power Amplifier at 220 GHz using InP HBTs,InP,,215.0,18.2,,,,,,,,,,,,,
247,2015.0,5,Kazemi,350mW G-band Medium Power Amplifier Fabricated Through a New Method of 3D-Copper Additive Manufacturing,InP,,215.0,26.0,,,,,,,,,,,,,
248,2020.0,9,Liu,A G-band Balanced Power Amplifier based on InP HEMT Technology,InP,180-240,215.0,16.0,,,,,9.0,,,,,,,, 70 nm InP HEMT
249,2012.0,6,Reed,A 58.4mW Solid-State Power Amplifier at 220 GHz using InP HBTs,InP,,220.0,17.7,,,,,,,,,,,,,
250,2013.0,10,Reed,A 180mW InP HBT Power Amplifier MMIC at 214 GHz,InP,,220.0,22.0,,,,,,,,,,,,,
251,2014.0,6,Radisic,50mW 220 GHz InP HBT Power Amplifier MMIC,InP,,220.0,17.0,6.7,PAE,,,,,,,,,,,
252,2017.0,6,Griffith,"180-265 GHz, 17-24 dBm Output Power Broadband, High-Gain Power Amplifiers in InP HBT",InP,,220.0,20.7,4.4,PAE,,,,,,,,,,,
253,2017.0,6,Griffith,"180-265 GHz, 17-24 dBm Output Power Broadband, High-Gain Power Amplifiers in InP HBT",InP,,220.0,22.8,3.5,PAE,,,,,,,,,,,
254,2019.0,3,Chen,A 220-GHz InP DHBT Power Amplifier With Integrated Planar Spatial Power Combiner,InP,,220.0,10.1,1.8,PAE,8.0,,7.8,,,,,,,,InP DHBT
255,2014.0,6,Radisic,50mW 220 GHz InP HBT Power Amplifier MMIC,InP,,225.0,17.0,6.7,PAE,,,,,,,,,,,
256,2015.0,5,Kazemi,350mW G-band Medium Power Amplifier Fabricated Through a New Method of 3D-Copper Additive Manufacturing,InP,,225.0,25.4,,,,,,,,,,,,,
257,2015.0,5,Gritters,200-260GHz Solid State Amplifier with 700m W of Output Power,InP,,230.0,28.5,,,,,,,,,,,,,
258,2014.0,6,Radisic,50mW 220 GHz InP HBT Power Amplifier MMIC,InP,,231.0,16.0,5.5,PAE,,,,,,,,,,,
259,2015.0,5,Kazemi,350mW G-band Medium Power Amplifier Fabricated Through a New Method of 3D-Copper Additive Manufacturing,InP,,233.0,24.5,,,,,,,,,,,,,
260,2014.0,6,Radisic,50mW 220 GHz InP HBT Power Amplifier MMIC,InP,,235.0,16.0,5.5,PAE,,,,,,,,,,,
261,2020.0,11,Hamada,"230–305 GHz, > 10-dBm-Output-Power Wideband Power Amplifier Using Low-Q Neutralization Technique in 60-nm InP-HEMT Technology",InP,230-305,240.0,11.1,,,7.7,,11.0,,,,,,,,60-nm InP-HEMT
262,2021.0,6,Hamada,220–325-GHz 25-dB-Gain Differential Amplifier With High Common-Mode-Rejection Circuit in 60-nm InP-HEMT Technology,InP,220-325,250.0,5.0,,,,,22.0,,,,,,,,60nm InP HEMT
263,2022.0,7,Lee,Analysis and Demonstration of Mm-Wave Distributed Amplifiers With Modified Artificial Transmission Line Model,InP,6-261,250.0,,,,,,12.0,,,,,,,,250nm InP DHBT
264,2017.0,6,Griffith,"180-265 GHz, 17-24 dBm Output Power Broadband, High-Gain Power Amplifiers in InP HBT",InP,,265.0,16.5,1.6,PAE,,,,,,,,,,,
265,2017.0,6,Griffith,"180-265 GHz, 17-24 dBm Output Power Broadband, High-Gain Power Amplifiers in InP HBT",InP,,265.0,17.2,0.95,PAE,,,,,,,,,,,
266,2020.0,11,Hamada,"230–305 GHz, > 10-dBm-Output-Power Wideband Power Amplifier Using Low-Q Neutralization Technique in 60-nm InP-HEMT Technology",InP,230-305,265.0,11.7,,,,,,,,,,,,,60-nm InP-HEMT
267,2021.0,6,Ahmed,A compact H-band Power Amplifier with High Output Power,InP,233-281,266.0,16.6,3.9,PAE,,,,,,,,,,,250nm InP HBT
268,2021.0,6,Ahmed,A compact H-band Power Amplifier with High Output Power,InP,233-281,270.0,16.8,4.0,PAE,12.5,1.8,20.0,,,,,,,,250nm InP HBT
269,2021.0,6,Hamada,220–325-GHz 25-dB-Gain Differential Amplifier With High Common-Mode-Rejection Circuit in 60-nm InP-HEMT Technology,InP,220-325,270.0,5.9,,,,,25.0,,,,,,,,60nm InP HEMT
270,2020.0,11,Hamada,"230–305 GHz, > 10-dBm-Output-Power Wideband Power Amplifier Using Low-Q Neutralization Technique in 60-nm InP-HEMT Technology",InP,230-305,270.0,11.4,,,8.2,,11.0,,,,,,,,60-nm InP-HEMT
271,2021.0,6,Ahmed,A compact H-band Power Amplifier with High Output Power,InP,233-281,274.0,16.6,4.0,PAE,,,,,,,,,,,250nm InP HBT
272,2019.0,11,Hamada,300-GHz 120-Gb/s Wireless Transceiver with High-Output-Power and High-Gain Power Amplifier Based on 80-nm InP-HEMT Technology,InP,,278.0,10.2,0.61,PAE,,,20.0,,,,,,,,
273,2019.0,11,Hamada,300-GHz 120-Gb/s Wireless Transceiver with High-Output-Power and High-Gain Power Amplifier Based on 80-nm InP-HEMT Technology,InP,,280.0,10.5,0.61,PAE,,,20.0,,,,,,,,
274,2021.0,6,Ahmed,A compact H-band Power Amplifier with High Output Power,InP,233-281,280.0,15.8,3.5,PAE,,,,,,,,,,,250nm InP HBT
275,2019.0,11,Hamada,300-GHz 120-Gb/s Wireless Transceiver with High-Output-Power and High-Gain Power Amplifier Based on 80-nm InP-HEMT Technology,InP,,282.0,11.0,0.61,PAE,,,20.0,,,,,,,,
276,2019.0,11,Hamada,300-GHz 120-Gb/s Wireless Transceiver with High-Output-Power and High-Gain Power Amplifier Based on 80-nm InP-HEMT Technology,InP,,284.0,11.5,0.61,PAE,,,20.0,,,,,,,,
277,2021.0,6,Ahmed,A compact H-band Power Amplifier with High Output Power,InP,233-281,285.0,14.0,2.2,PAE,,,,,,,,,,,250nm InP HBT
278,2019.0,11,Hamada,300-GHz 120-Gb/s Wireless Transceiver with High-Output-Power and High-Gain Power Amplifier Based on 80-nm InP-HEMT Technology,InP,,286.0,11.0,0.61,PAE,,,20.0,,,,,,,,
279,2019.0,11,Hamada,300-GHz 120-Gb/s Wireless Transceiver with High-Output-Power and High-Gain Power Amplifier Based on 80-nm InP-HEMT Technology,InP,,288.0,11.0,0.61,PAE,,,20.0,,,,,,,,
280,2019.0,11,Hamada,300-GHz 120-Gb/s Wireless Transceiver with High-Output-Power and High-Gain Power Amplifier Based on 80-nm InP-HEMT Technology,InP,,290.0,12.0,0.61,PAE,,,20.0,,,,,,,,
281,2019.0,11,Hamada,300-GHz 120-Gb/s Wireless Transceiver with High-Output-Power and High-Gain Power Amplifier Based on 80-nm InP-HEMT Technology,InP,,292.0,12.0,0.61,PAE,,,20.0,,,,,,,,
282,2019.0,11,Hamada,300-GHz 120-Gb/s Wireless Transceiver with High-Output-Power and High-Gain Power Amplifier Based on 80-nm InP-HEMT Technology,InP,,294.0,12.0,0.61,PAE,,,20.0,,,,,,,,
283,2020.0,7,Hamada,300-GHz-Band 120-Gb/s Wireless Front-End Based on InP-HEMT PAs and Mixers,InP,,295.0,12.0,0.61,PAE,,,20.0,,,,,,,,80-nm InP-HEMT
284,2019.0,11,Hamada,300-GHz 120-Gb/s Wireless Transceiver with High-Output-Power and High-Gain Power Amplifier Based on 80-nm InP-HEMT Technology,InP,,296.0,12.0,0.61,PAE,6.0,,20.0,,,,,,,,
285,2020.0,7,Hamada,300-GHz-Band 120-Gb/s Wireless Front-End Based on InP-HEMT PAs and Mixers,InP,,296.0,12.0,0.61,PAE,6.8,,20.0,,,,,,,,
286,2019.0,11,Hamada,300-GHz 120-Gb/s Wireless Transceiver with High-Output-Power and High-Gain Power Amplifier Based on 80-nm InP-HEMT Technology,InP,,298.0,11.0,0.61,PAE,,,20.0,,,,,,,,
287,2019.0,11,Hamada,300-GHz 120-Gb/s Wireless Transceiver with High-Output-Power and High-Gain Power Amplifier Based on 80-nm InP-HEMT Technology,InP,,300.0,11.0,0.61,PAE,,,20.0,,,,,,,,
288,2021.0,6,Hamada,220–325-GHz 25-dB-Gain Differential Amplifier With High Common-Mode-Rejection Circuit in 60-nm InP-HEMT Technology,InP,220-325,300.0,5.4,1.56,PAE,4.9,1.06,25.0,,,,,,,,60nm InP HEMT
289,2020.0,11,Hamada,"230–305 GHz, > 10-dBm-Output-Power Wideband Power Amplifier Using Low-Q Neutralization Technique in 60-nm InP-HEMT Technology",InP,230-305,300.0,10.7,,,5.6,,10.0,,,,,,,,60-nm InP-HEMT
290,2019.0,11,Hamada,300-GHz 120-Gb/s Wireless Transceiver with High-Output-Power and High-Gain Power Amplifier Based on 80-nm InP-HEMT Technology,InP,,302.0,10.0,0.61,PAE,,,20.0,,,,,,,,
291,2021.0,6,Hamada,220–325-GHz 25-dB-Gain Differential Amplifier With High Common-Mode-Rejection Circuit in 60-nm InP-HEMT Technology,InP,220-325,305.0,6.3,,,,,25.0,,,,,,,,60nm InP HEMT
292,2008.0,6,Hacker,250 nm InP DHBT Monolithic Amplifiers with 4.8 dB Gain at 324 GHz,InP,,324.0,1.13,0.6,PAE,,,4.8,,,,,,,,
293,2018.0,10,Ahmed,8.6-13.6 mW Series-Connected Power Amplifiers Designed at 325 GHz using 130 nm InP HBT Technology,InP,,325.0,9.34,2.2,PAE,,,10.0,,,,,,,,InP HBT 130nm
294,2018.0,10,Ahmed,8.6-13.6 mW Series-Connected Power Amplifiers Designed at 325 GHz using 130 nm InP HBT Technology,InP,,325.0,11.33,,,,,16.6,,,,,,,,InP HBT 130nm
295,2020.0,8,Hamada,475-GHz 20-dB-Gain InP-HEMT Power Amplifier Using Neutralized Common-Source Architecture,InP,469.5 -482.5,475.0,-1.1,0.6,PAE,,,20.0,,,,,,,,60 nm InP HEMT
296,2020.0,8,Hamada,475-GHz 20-dB-Gain InP-HEMT Power Amplifier Using Neutralized Common-Source Architecture,InP,,480.0,-1.2,,,,,20.2,,,,,,,,60 nm InP HEMT
297,2023.0,2,Chien,"A 180-220-GHz, 12.7-dBm peak Psat and 17.3% peak PAE Power Amplifier in 250-nm InP HBT",InP,180-220,200.0,12.7,17.3,PAE,10.8,16.0,7.8,,,,,,,,250nm InP HBT
298,2023.0,2,Jyo,A 220-294 GHz Power Amplifier with 10-dBm Psat and 2.2% PAE in 250-nm InP DHBT,InP,220-294,250.0,10.6,2.24,PAE,6.1,0.9,23.0,,,,,,,,250nm InP HBT
299,2022.0,1,Cheron,Collector Series-Resistor to Stabilize a Broadband 400 GHz Common-Base Amplifier,InP,325-477,341.0,5.1,,,,,31.0,,,,,,,,130nm InP DHBT
300,2023.0,4,Chien,High-Efficiency 200-GHz Neutralized Common-Base Power Amplifiers in 250-nm InP HBT,InP,180-220,200.0,12.7,17.3,PAE,10.8,17.3,7.8,,,,,,,,250nm InP HBT
301,2023.0,4,Chien,High-Efficiency 200-GHz Neutralized Common-Base Power Amplifiers in 250-nm InP HBT,InP,194-207,200.0,17.8,9.1,PAE,,,17.6,,,,,,,,250nm InP HBT
302,2022.0,1,Cheron,High-Gain 500-GHz InP HBT Power Amplifiers,InP,482-506,498.0,-1.5,,,,,23.8,,,,,,,,130nm InP DHBT
303,2022.0,1,Cheron,High-Gain 500-GHz InP HBT Power Amplifiers,InP,486-516,520.0,-0.7,,,,,24.1,,,,,,,,130nm InP DHBT
304,2022.0,11,Jang,H-Band Broadband Balanced Power Amplifier in 250-nm InP HBT Technology Using Impedance-Transforming Balu,InP,220-295,232.0,9.4,2.3,PAE,5.0,,20.8,,,,,,,,250nm InP HBT
305,2023.0,1,Kumazaki,High-Efficiency 250–320 GHz Power Amplifiers Using InP-based MOS-HEMTs,InP,242-322,260.0,10.6,7.0,PAE,8.0,3.9,20.0,,,,,,,,75nm InP HEMT
306,2023.0,1,Nguyen,A 7–115-GHz Distributed Amplifier With 24-dBm Output Power Using Quadruple-Stacked HBT in InP,InP,7-115,75.0,20.0,6.8,PAE,16.9,6.0,17.0,,,,,,,,InP HBT
307,2022.0,8,Wang,A Compact 4-way 4-stage 130-160GHz D-band Power Amplifier in 0.5μm InP DHBT,InP,135-155GHz,150.0,12.0,4.5,PAE,9.0,3.0,17.0,,,,,,,,500nm InP DHBT
308,2022.0,8,Banerjee,A 130GHz Two-Stage Common-Base Power Amplifier in 250nm InP,InP,,130.0,17.4,23.2,PAE,17.1,,15.3,,,,,,,,250nm InP HBT
309,2023.0,2,Liu,Stacked Common-Base vs Common-Emitter mmWave PA Cells and 68–105 GHz Broadband Asymmetrical PA in 250nm InP HBT,InP,68-105GHz,82.0,18.1,,PAE,,,6.5,,,,,,,,250nm InP HBT
310,2023.0,2,Liu,Stacked Common-Base vs Common-Emitter mmWave PA Cells and 68–105 GHz Broadband Asymmetrical PA in 250nm InP HBT,InP,68-105GHz,86.0,19.3,,PAE,,,6.3,,,,,,,,250nm InP HBT
311,2023.0,2,Liu,Stacked Common-Base vs Common-Emitter mmWave PA Cells and 68–105 GHz Broadband Asymmetrical PA in 250nm InP HBT,InP,68-105GHz,90.0,19.8,,PAE,,,6.0,16QAM,-28.22,500.0,12.9,14.0,,,250nm InP HBT
312,2023.0,2,Liu,Stacked Common-Base vs Common-Emitter mmWave PA Cells and 68–105 GHz Broadband Asymmetrical PA in 250nm InP HBT,InP,68-105GHz,94.0,20.0,,PAE,,,5.5,,,,,,,,250nm InP HBT
313,2023.0,2,Liu,Stacked Common-Base vs Common-Emitter mmWave PA Cells and 68–105 GHz Broadband Asymmetrical PA in 250nm InP HBT,InP,68-105GHz,98.0,19.9,33.5,PAE,13.0,15.0,5.2,,,,,,,,250nm InP HBT
314,2023.0,2,Liu,Stacked Common-Base vs Common-Emitter mmWave PA Cells and 68–105 GHz Broadband Asymmetrical PA in 250nm InP HBT,InP,68-105GHz,102.0,19.5,,PAE,,,4.9,,,,,,,,250nm InP HBT
315,2023.0,2,Liu,Stacked Common-Base vs Common-Emitter mmWave PA Cells and 68–105 GHz Broadband Asymmetrical PA in 250nm InP HBT,InP,68-105GHz,106.0,19.0,,PAE,,,4.5,,,,,,,,250nm InP HBT
316,2023.0,2,Liu,Stacked Common-Base vs Common-Emitter mmWave PA Cells and 68–105 GHz Broadband Asymmetrical PA in 250nm InP HBT,InP,68-105GHz,110.0,16.0,,PAE,,,4.0,,,,,,,,250nm InP HBT
317,2023.0,2,Liu,Stacked Common-Base vs Common-Emitter mmWave PA Cells and 68–105 GHz Broadband Asymmetrical PA in 250nm InP HBT,InP,68-105GHz,82.0,18.1,,PAE,,,12.0,,,,,,,,250nm InP HBT
318,2023.0,2,Liu,Stacked Common-Base vs Common-Emitter mmWave PA Cells and 68–105 GHz Broadband Asymmetrical PA in 250nm InP HBT,InP,68-105GHz,86.0,18.8,,PAE,,,12.6,,,,,,,,250nm InP HBT
319,2023.0,2,Liu,Stacked Common-Base vs Common-Emitter mmWave PA Cells and 68–105 GHz Broadband Asymmetrical PA in 250nm InP HBT,InP,68-105GHz,90.0,18.7,,PAE,,,11.0,64QAM,-32.46,500.0,11.8,15.9,,,250nm InP HBT
320,2023.0,2,Liu,Stacked Common-Base vs Common-Emitter mmWave PA Cells and 68–105 GHz Broadband Asymmetrical PA in 250nm InP HBT,InP,68-105GHz,94.0,18.9,,PAE,,,10.0,,,,,,,,250nm InP HBT
321,2023.0,2,Liu,Stacked Common-Base vs Common-Emitter mmWave PA Cells and 68–105 GHz Broadband Asymmetrical PA in 250nm InP HBT,InP,68-105GHz,98.0,18.8,33.0,PAE,19.0,32.0,7.5,,,,,,,,250nm InP HBT
322,2023.0,2,Liu,Stacked Common-Base vs Common-Emitter mmWave PA Cells and 68–105 GHz Broadband Asymmetrical PA in 250nm InP HBT,InP,68-105GHz,102.0,18.3,,PAE,,,6.0,,,,,,,,250nm InP HBT
323,2023.0,2,Liu,Stacked Common-Base vs Common-Emitter mmWave PA Cells and 68–105 GHz Broadband Asymmetrical PA in 250nm InP HBT,InP,68-105GHz,106.0,18.5,,PAE,,,5.5,,,,,,,,250nm InP HBT
324,2023.0,2,Liu,Stacked Common-Base vs Common-Emitter mmWave PA Cells and 68–105 GHz Broadband Asymmetrical PA in 250nm InP HBT,InP,68-105GHz,110.0,18.0,,PAE,,,5.0,,,,,,,,250nm InP HBT
325,2023.0,2,Liu,Stacked Common-Base vs Common-Emitter mmWave PA Cells and 68–105 GHz Broadband Asymmetrical PA in 250nm InP HBT,InP,68-105GHz,64.0,18.0,14.9,PAE,12.0,5.0,12.0,,,,,,,,250nm InP HBT
326,2023.0,2,Liu,Stacked Common-Base vs Common-Emitter mmWave PA Cells and 68–105 GHz Broadband Asymmetrical PA in 250nm InP HBT,InP,68-105GHz,76.0,19.9,20.0,PAE,13.0,5.1,14.7,,,,,,,,250nm InP HBT
327,2023.0,2,Liu,Stacked Common-Base vs Common-Emitter mmWave PA Cells and 68–105 GHz Broadband Asymmetrical PA in 250nm InP HBT,InP,68-105GHz,81.0,20.0,24.0,PAE,12.5,5.0,13.0,,,,,,,,250nm InP HBT
328,2023.0,2,Liu,Stacked Common-Base vs Common-Emitter mmWave PA Cells and 68–105 GHz Broadband Asymmetrical PA in 250nm InP HBT,InP,68-105GHz,95.0,21.0,31.5,PAE,9.5,2.5,13.0,,,,,,,,250nm InP HBT
329,2023.0,2,Liu,Stacked Common-Base vs Common-Emitter mmWave PA Cells and 68–105 GHz Broadband Asymmetrical PA in 250nm InP HBT,InP,68-105GHz,102.0,19.0,30.0,PAE,11.0,7.5,13.7,,,,,,,,250nm InP HBT
330,2023.0,2,Liu,Stacked Common-Base vs Common-Emitter mmWave PA Cells and 68–105 GHz Broadband Asymmetrical PA in 250nm InP HBT,InP,68-105GHz,110.0,17.0,20.5,PAE,10.0,4.0,12.3,,,,,,,,250nm InP HBT
331,2022.0,10,Jeon,D-band Power Amplifier Module with Medium Output Power Using E-plane Waveguide Transition,InP,120-140GHz,120.0,10.2,,PAE,,,17.5,,,,,,,,250nm InP HBT
332,2022.0,10,Jeon,D-band Power Amplifier Module with Medium Output Power Using E-plane Waveguide Transition,InP,120-140GHz,125.0,12.0,,PAE,,,19.0,,,,,,,,250nm InP HBT
333,2022.0,10,Jeon,D-band Power Amplifier Module with Medium Output Power Using E-plane Waveguide Transition,InP,120-140GHz,130.0,12.5,11.0,PAE,11.3,9.5,19.8,,,,,,,,250nm InP HBT
334,2022.0,10,Jeon,D-band Power Amplifier Module with Medium Output Power Using E-plane Waveguide Transition,InP,120-140GHz,135.0,12.0,,PAE,,,19.0,,,,,,,,250nm InP HBT
335,2022.0,10,Jeon,D-band Power Amplifier Module with Medium Output Power Using E-plane Waveguide Transition,InP,120-140GHz,140.0,10.0,,PAE,,,17.0,,,,,,,,250nm InP HBT
336,2023.0,Early Access,Iyer,"A 15.3-dBm, 18.3% PAE F-Band Power Amplifier in 130-nm InP HBT With Modulation Measurements",InP,90-135GHz,97.5,14.5,14.3,PAE,,,10.0,,,,,,,,130nm InP HBT
337,2023.0,Early Access,Iyer,"A 15.3-dBm, 18.3% PAE F-Band Power Amplifier in 130-nm InP HBT With Modulation Measurements",InP,90-135GHz,105.0,15.0,15.7,PAE,,,11.0,,,,,,,,130nm InP HBT
338,2023.0,Early Access,Iyer,"A 15.3-dBm, 18.3% PAE F-Band Power Amplifier in 130-nm InP HBT With Modulation Measurements",InP,90-135GHz,112.5,15.3,18.3,PAE,11.0,12.0,11.0,,,,,,,,130nm InP HBT
339,2023.0,Early Access,Iyer,"A 15.3-dBm, 18.3% PAE F-Band Power Amplifier in 130-nm InP HBT With Modulation Measurements",InP,90-135GHz,121.0,14.2,14.0,PAE,,,10.7,QPSK,-16.89,5000.0,7.8,,,,130nm InP HBT
340,2023.0,Early Access,Iyer,"A 15.3-dBm, 18.3% PAE F-Band Power Amplifier in 130-nm InP HBT With Modulation Measurements",InP,90-135GHz,121.0,,,PAE,,,,QPSK,-16.48,5000.0,5.0,,,,130nm InP HBT
341,2023.0,Early Access,Iyer,"A 15.3-dBm, 18.3% PAE F-Band Power Amplifier in 130-nm InP HBT With Modulation Measurements",InP,90-135GHz,121.0,,,PAE,,,,QPSK,-21.11,3000.0,7.6,,,,130nm InP HBT
342,2023.0,Early Access,Iyer,"A 15.3-dBm, 18.3% PAE F-Band Power Amplifier in 130-nm InP HBT With Modulation Measurements",InP,90-135GHz,121.0,,,PAE,,,,QPSK,-21.83,3000.0,4.3,,,,130nm InP HBT
343,2023.0,Early Access,Iyer,"A 15.3-dBm, 18.3% PAE F-Band Power Amplifier in 130-nm InP HBT With Modulation Measurements",InP,90-135GHz,121.0,,,PAE,,,,QPSK,-21.94,1500.0,8.0,,,,130nm InP HBT
344,2023.0,Early Access,Iyer,"A 15.3-dBm, 18.3% PAE F-Band Power Amplifier in 130-nm InP HBT With Modulation Measurements",InP,90-135GHz,121.0,,,PAE,,,,QPSK,-24.44,1500.0,4.8,,,,130nm InP HBT
345,2023.0,Early Access,Iyer,"A 15.3-dBm, 18.3% PAE F-Band Power Amplifier in 130-nm InP HBT With Modulation Measurements",InP,90-135GHz,121.0,,,PAE,,,,QPSK,-24.15,500.0,10.1,,,,130nm InP HBT
346,2023.0,Early Access,Iyer,"A 15.3-dBm, 18.3% PAE F-Band Power Amplifier in 130-nm InP HBT With Modulation Measurements",InP,90-135GHz,121.0,,,PAE,,,,QPSK,-29.12,500.0,6.0,,,,130nm InP HBT
347,2023.0,Early Access,Iyer,"A 15.3-dBm, 18.3% PAE F-Band Power Amplifier in 130-nm InP HBT With Modulation Measurements",InP,90-135GHz,121.0,,,PAE,,,,16QAM,-24.58,500.0,8.2,,,,130nm InP HBT
348,2023.0,Early Access,Iyer,"A 15.3-dBm, 18.3% PAE F-Band Power Amplifier in 130-nm InP HBT With Modulation Measurements",InP,90-135GHz,121.0,,,PAE,,,,16QAM,-29.11,500.0,5.2,,,,130nm InP HBT
349,2023.0,Early Access,Iyer,"A 15.3-dBm, 18.3% PAE F-Band Power Amplifier in 130-nm InP HBT With Modulation Measurements",InP,90-135GHz,121.0,,,PAE,,,,16QAM,-24.44,250.0,9.5,,,,130nm InP HBT
350,2023.0,Early Access,Iyer,"A 15.3-dBm, 18.3% PAE F-Band Power Amplifier in 130-nm InP HBT With Modulation Measurements",InP,90-135GHz,121.0,,,PAE,,,,16QAM,-27.96,250.0,6.0,,,,130nm InP HBT
351,2023.0,Early Access,Iyer,"A 15.3-dBm, 18.3% PAE F-Band Power Amplifier in 130-nm InP HBT With Modulation Measurements",InP,90-135GHz,130.0,14.0,12.0,PAE,,,10.0,,,,,,,,130nm InP HBT
352,,,,,,,,,,,,,,,,,,,,,
353,,,,,,,,,,,,,,,,,,,,,
354,,,,,,,,,,,,,,,,,,,,,
355,,,,,,,,,,,,,,,,,,,,,
356,,,,,,,,,,,,,,,,,,,,,
357,,,,,,,,,,,,,,,,,,,,,
358,,,,,,,,,,,,,,,,,,,,,
359,,,,,,,,,,,,,,,,,,,,,
360,,,,,,,,,,,,,,,,,,,,,
361,,,,,,,,,,,,,,,,,,,,,
362,,,,,,,,,,,,,,,,,,,,,
363,,,,,,,,,,,,,,,,,,,,,
364,,,,,,,,,,,,,,,,,,,,,
365,,,,,,,,,,,,,,,,,,,,,
366,,,,,,,,,,,,,,,,,,,,,
367,,,,,,,,,,,,,,,,,,,,,
368,,,,,,,,,,,,,,,,,,,,,
369,,,,,,,,,,,,,,,,,,,,,
370,,,,,,,,,,,,,,,,,,,,,
371,,,,,,,,,,,,,,,,,,,,,
372,,,,,,,,,,,,,,,,,,,,,
373,,,,,,,,,,,,,,,,,,,,,
374,,,,,,,,,,,,,,,,,,,,,
375,,,,,,,,,,,,,,,,,,,,,
376,,,,,,,,,,,,,,,,,,,,,
377,,,,,,,,,,,,,,,,,,,,,
378,,,,,,,,,,,,,,,,,,,,,
379,,,,,,,,,,,,,,,,,,,,,
380,,,,,,,,,,,,,,,,,,,,,
381,,,,,,,,,,,,,,,,,,,,,
382,,,,,,,,,,,,,,,,,,,,,
383,,,,,,,,,,,,,,,,,,,,,
384,,,,,,,,,,,,,,,,,,,,,
385,,,,,,,,,,,,,,,,,,,,,
386,,,,,,,,,,,,,,,,,,,,,
387,,,,,,,,,,,,,,,,,,,,,
388,,,,,,,,,,,,,,,,,,,,,
389,,,,,,,,,,,,,,,,,,,,,
390,,,,,,,,,,,,,,,,,,,,,
391,,,,,,,,,,,,,,,,,,,,,
392,,,,,,,,,,,,,,,,,,,,,
393,,,,,,,,,,,,,,,,,,,,,
394,,,,,,,,,,,,,,,,,,,,,
395,,,,,,,,,,,,,,,,,,,,,
396,,,,,,,,,,,,,,,,,,,,,
397,,,,,,,,,,,,,,,,,,,,,
398,,,,,,,,,,,,,,,,,,,,,
399,,,,,,,,,,,,,,,,,,,,,
400,,,,,,,,,,,,,,,,,,,,,
401,,,,,,,,,,,,,,,,,,,,,
402,,,,,,,,,,,,,,,,,,,,,
403,,,,,,,,,,,,,,,,,,,,,
404,,,,,,,,,,,,,,,,,,,,,
405,,,,,,,,,,,,,,,,,,,,,
406,,,,,,,,,,,,,,,,,,,,,
407,,,,,,,,,,,,,,,,,,,,,
408,,,,,,,,,,,,,,,,,,,,,
409,,,,,,,,,,,,,,,,,,,,,
410,,,,,,,,,,,,,,,,,,,,,
411,,,,,,,,,,,,,,,,,,,,,
412,,,,,,,,,,,,,,,,,,,,,
413,,,,,,,,,,,,,,,,,,,,,
414,,,,,,,,,,,,,,,,,,,,,
415,,,,,,,,,,,,,,,,,,,,,
416,,,,,,,,,,,,,,,,,,,,,
417,,,,,,,,,,,,,,,,,,,,,
418,,,,,,,,,,,,,,,,,,,,,
419,,,,,,,,,,,,,,,,,,,,,
420,,,,,,,,,,,,,,,,,,,,,
421,,,,,,,,,,,,,,,,,,,,,
422,,,,,,,,,,,,,,,,,,,,,
423,,,,,,,,,,,,,,,,,,,,,
424,,,,,,,,,,,,,,,,,,,,,
425,,,,,,,,,,,,,,,,,,,,,
426,,,,,,,,,,,,,,,,,,,,,
427,,,,,,,,,,,,,,,,,,,,,
428,,,,,,,,,,,,,,,,,,,,,
429,,,,,,,,,,,,,,,,,,,,,
430,,,,,,,,,,,,,,,,,,,,,
431,,,,,,,,,,,,,,,,,,,,,
432,,,,,,,,,,,,,,,,,,,,,
433,,,,,,,,,,,,,,,,,,,,,
434,,,,,,,,,,,,,,,,,,,,,
435,,,,,,,,,,,,,,,,,,,,,
436,,,,,,,,,,,,,,,,,,,,,
437,,,,,,,,,,,,,,,,,,,,,
438,,,,,,,,,,,,,,,,,,,,,
439,,,,,,,,,,,,,,,,,,,,,
440,,,,,,,,,,,,,,,,,,,,,
441,,,,,,,,,,,,,,,,,,,,,
442,,,,,,,,,,,,,,,,,,,,,
443,,,,,,,,,,,,,,,,,,,,,
444,,,,,,,,,,,,,,,,,,,,,
445,,,,,,,,,,,,,,,,,,,,,
446,,,,,,,,,,,,,,,,,,,,,
447,,,,,,,,,,,,,,,,,,,,,
448,,,,,,,,,,,,,,,,,,,,,
449,,,,,,,,,,,,,,,,,,,,,
450,,,,,,,,,,,,,,,,,,,,,
451,,,,,,,,,,,,,,,,,,,,,
452,,,,,,,,,,,,,,,,,,,,,
453,,,,,,,,,,,,,,,,,,,,,
454,,,,,,,,,,,,,,,,,,,,,
455,,,,,,,,,,,,,,,,,,,,,
456,,,,,,,,,,,,,,,,,,,,,
457,,,,,,,,,,,,,,,,,,,,,
458,,,,,,,,,,,,,,,,,,,,,
459,,,,,,,,,,,,,,,,,,,,,
460,,,,,,,,,,,,,,,,,,,,,
461,,,,,,,,,,,,,,,,,,,,,
462,,,,,,,,,,,,,,,,,,,,,
463,,,,,,,,,,,,,,,,,,,,,
464,,,,,,,,,,,,,,,,,,,,,
465,,,,,,,,,,,,,,,,,,,,,
466,,,,,,,,,,,,,,,,,,,,,
467,,,,,,,,,,,,,,,,,,,,,
468,,,,,,,,,,,,,,,,,,,,,
469,,,,,,,,,,,,,,,,,,,,,
470,,,,,,,,,,,,,,,,,,,,,
471,,,,,,,,,,,,,,,,,,,,,
472,,,,,,,,,,,,,,,,,,,,,
473,,,,,,,,,,,,,,,,,,,,,
474,,,,,,,,,,,,,,,,,,,,,
475,,,,,,,,,,,,,,,,,,,,,
476,,,,,,,,,,,,,,,,,,,,,
477,,,,,,,,,,,,,,,,,,,,,
478,,,,,,,,,,,,,,,,,,,,,
479,,,,,,,,,,,,,,,,,,,,,
480,,,,,,,,,,,,,,,,,,,,,
481,,,,,,,,,,,,,,,,,,,,,
482,,,,,,,,,,,,,,,,,,,,,
483,,,,,,,,,,,,,,,,,,,,,
484,,,,,,,,,,,,,,,,,,,,,
485,,,,,,,,,,,,,,,,,,,,,
486,,,,,,,,,,,,,,,,,,,,,
487,,,,,,,,,,,,,,,,,,,,,
488,,,,,,,,,,,,,,,,,,,,,
489,,,,,,,,,,,,,,,,,,,,,
490,,,,,,,,,,,,,,,,,,,,,
491,,,,,,,,,,,,,,,,,,,,,
492,,,,,,,,,,,,,,,,,,,,,
493,,,,,,,,,,,,,,,,,,,,,
494,,,,,,,,,,,,,,,,,,,,,
495,,,,,,,,,,,,,,,,,,,,,
496,,,,,,,,,,,,,,,,,,,,,
497,,,,,,,,,,,,,,,,,,,,,
498,,,,,,,,,,,,,,,,,,,,,
499,,,,,,,,,,,,,,,,,,,,,
500,,,,,,,,,,,,,,,,,,,,,
501,,,,,,,,,,,,,,,,,,,,,
502,,,,,,,,,,,,,,,,,,,,,
503,,,,,,,,,,,,,,,,,,,,,
504,,,,,,,,,,,,,,,,,,,,,
505,,,,,,,,,,,,,,,,,,,,,
506,,,,,,,,,,,,,,,,,,,,,
507,,,,,,,,,,,,,,,,,,,,,
508,,,,,,,,,,,,,,,,,,,,,
509,,,,,,,,,,,,,,,,,,,,,
510,,,,,,,,,,,,,,,,,,,,,
511,,,,,,,,,,,,,,,,,,,,,
512,,,,,,,,,,,,,,,,,,,,,
513,,,,,,,,,,,,,,,,,,,,,
514,,,,,,,,,,,,,,,,,,,,,
515,,,,,,,,,,,,,,,,,,,,,
516,,,,,,,,,,,,,,,,,,,,,
517,,,,,,,,,,,,,,,,,,,,,
518,,,,,,,,,,,,,,,,,,,,,
519,,,,,,,,,,,,,,,,,,,,,
520,,,,,,,,,,,,,,,,,,,,,
521,,,,,,,,,,,,,,,,,,,,,
522,,,,,,,,,,,,,,,,,,,,,
523,,,,,,,,,,,,,,,,,,,,,
524,,,,,,,,,,,,,,,,,,,,,
525,,,,,,,,,,,,,,,,,,,,,
526,,,,,,,,,,,,,,,,,,,,,
527,,,,,,,,,,,,,,,,,,,,,
528,,,,,,,,,,,,,,,,,,,,,
529,,,,,,,,,,,,,,,,,,,,,
530,,,,,,,,,,,,,,,,,,,,,
531,,,,,,,,,,,,,,,,,,,,,
532,,,,,,,,,,,,,,,,,,,,,
533,,,,,,,,,,,,,,,,,,,,,
534,,,,,,,,,,,,,,,,,,,,,
535,,,,,,,,,,,,,,,,,,,,,
536,,,,,,,,,,,,,,,,,,,,,
537,,,,,,,,,,,,,,,,,,,,,
538,,,,,,,,,,,,,,,,,,,,,
539,,,,,,,,,,,,,,,,,,,,,
540,,,,,,,,,,,,,,,,,,,,,
541,,,,,,,,,,,,,,,,,,,,,
542,,,,,,,,,,,,,,,,,,,,,
543,,,,,,,,,,,,,,,,,,,,,
544,,,,,,,,,,,,,,,,,,,,,
545,,,,,,,,,,,,,,,,,,,,,
546,,,,,,,,,,,,,,,,,,,,,
547,,,,,,,,,,,,,,,,,,,,,
548,,,,,,,,,,,,,,,,,,,,,
549,,,,,,,,,,,,,,,,,,,,,
550,,,,,,,,,,,,,,,,,,,,,
551,,,,,,,,,,,,,,,,,,,,,
552,,,,,,,,,,,,,,,,,,,,,
553,,,,,,,,,,,,,,,,,,,,,
554,,,,,,,,,,,,,,,,,,,,,
555,,,,,,,,,,,,,,,,,,,,,
556,,,,,,,,,,,,,,,,,,,,,
557,,,,,,,,,,,,,,,,,,,,,
558,,,,,,,,,,,,,,,,,,,,,
559,,,,,,,,,,,,,,,,,,,,,
560,,,,,,,,,,,,,,,,,,,,,
561,,,,,,,,,,,,,,,,,,,,,
562,,,,,,,,,,,,,,,,,,,,,
563,,,,,,,,,,,,,,,,,,,,,
564,,,,,,,,,,,,,,,,,,,,,
565,,,,,,,,,,,,,,,,,,,,,
566,,,,,,,,,,,,,,,,,,,,,
567,,,,,,,,,,,,,,,,,,,,,
568,,,,,,,,,,,,,,,,,,,,,
569,,,,,,,,,,,,,,,,,,,,,
570,,,,,,,,,,,,,,,,,,,,,
571,,,,,,,,,,,,,,,,,,,,,
572,,,,,,,,,,,,,,,,,,,,,
573,,,,,,,,,,,,,,,,,,,,,
574,,,,,,,,,,,,,,,,,,,,,
575,,,,,,,,,,,,,,,,,,,,,
576,,,,,,,,,,,,,,,,,,,,,
577,,,,,,,,,,,,,,,,,,,,,
578,,,,,,,,,,,,,,,,,,,,,
579,,,,,,,,,,,,,,,,,,,,,
580,,,,,,,,,,,,,,,,,,,,,
581,,,,,,,,,,,,,,,,,,,,,
582,,,,,,,,,,,,,,,,,,,,,
583,,,,,,,,,,,,,,,,,,,,,
584,,,,,,,,,,,,,,,,,,,,,
585,,,,,,,,,,,,,,,,,,,,,
586,,,,,,,,,,,,,,,,,,,,,
587,,,,,,,,,,,,,,,,,,,,,
588,,,,,,,,,,,,,,,,,,,,,
589,,,,,,,,,,,,,,,,,,,,,
590,,,,,,,,,,,,,,,,,,,,,
591,,,,,,,,,,,,,,,,,,,,,
592,,,,,,,,,,,,,,,,,,,,,
593,,,,,,,,,,,,,,,,,,,,,
594,,,,,,,,,,,,,,,,,,,,,
595,,,,,,,,,,,,,,,,,,,,,
596,,,,,,,,,,,,,,,,,,,,,
597,,,,,,,,,,,,,,,,,,,,,
598,,,,,,,,,,,,,,,,,,,,,
599,,,,,,,,,,,,,,,,,,,,,
600,,,,,,,,,,,,,,,,,,,,,
601,,,,,,,,,,,,,,,,,,,,,
602,,,,,,,,,,,,,,,,,,,,,
603,,,,,,,,,,,,,,,,,,,,,
604,,,,,,,,,,,,,,,,,,,,,
605,,,,,,,,,,,,,,,,,,,,,
606,,,,,,,,,,,,,,,,,,,,,
607,,,,,,,,,,,,,,,,,,,,,
608,,,,,,,,,,,,,,,,,,,,,
609,,,,,,,,,,,,,,,,,,,,,
610,,,,,,,,,,,,,,,,,,,,,
611,,,,,,,,,,,,,,,,,,,,,
612,,,,,,,,,,,,,,,,,,,,,
613,,,,,,,,,,,,,,,,,,,,,
614,,,,,,,,,,,,,,,,,,,,,
615,,,,,,,,,,,,,,,,,,,,,
616,,,,,,,,,,,,,,,,,,,,,
617,,,,,,,,,,,,,,,,,,,,,
618,,,,,,,,,,,,,,,,,,,,,
619,,,,,,,,,,,,,,,,,,,,,
620,,,,,,,,,,,,,,,,,,,,,
621,,,,,,,,,,,,,,,,,,,,,
622,,,,,,,,,,,,,,,,,,,,,
623,,,,,,,,,,,,,,,,,,,,,
624,,,,,,,,,,,,,,,,,,,,,
625,,,,,,,,,,,,,,,,,,,,,
626,,,,,,,,,,,,,,,,,,,,,
627,,,,,,,,,,,,,,,,,,,,,
628,,,,,,,,,,,,,,,,,,,,,
629,,,,,,,,,,,,,,,,,,,,,
630,,,,,,,,,,,,,,,,,,,,,
631,,,,,,,,,,,,,,,,,,,,,
632,,,,,,,,,,,,,,,,,,,,,
633,,,,,,,,,,,,,,,,,,,,,
634,,,,,,,,,,,,,,,,,,,,,
635,,,,,,,,,,,,,,,,,,,,,
636,,,,,,,,,,,,,,,,,,,,,
637,,,,,,,,,,,,,,,,,,,,,
638,,,,,,,,,,,,,,,,,,,,,
639,,,,,,,,,,,,,,,,,,,,,
640,,,,,,,,,,,,,,,,,,,,,
641,,,,,,,,,,,,,,,,,,,,,
642,,,,,,,,,,,,,,,,,,,,,
643,,,,,,,,,,,,,,,,,,,,,
644,,,,,,,,,,,,,,,,,,,,,
645,,,,,,,,,,,,,,,,,,,,,
646,,,,,,,,,,,,,,,,,,,,,
647,,,,,,,,,,,,,,,,,,,,,
648,,,,,,,,,,,,,,,,,,,,,
649,,,,,,,,,,,,,,,,,,,,,
650,,,,,,,,,,,,,,,,,,,,,
651,,,,,,,,,,,,,,,,,,,,,
652,,,,,,,,,,,,,,,,,,,,,
653,,,,,,,,,,,,,,,,,,,,,
654,,,,,,,,,,,,,,,,,,,,,
655,,,,,,,,,,,,,,,,,,,,,
656,,,,,,,,,,,,,,,,,,,,,
657,,,,,,,,,,,,,,,,,,,,,
658,,,,,,,,,,,,,,,,,,,,,
659,,,,,,,,,,,,,,,,,,,,,
660,,,,,,,,,,,,,,,,,,,,,
661,,,,,,,,,,,,,,,,,,,,,
662,,,,,,,,,,,,,,,,,,,,,
663,,,,,,,,,,,,,,,,,,,,,
664,,,,,,,,,,,,,,,,,,,,,
665,,,,,,,,,,,,,,,,,,,,,
666,,,,,,,,,,,,,,,,,,,,,
667,,,,,,,,,,,,,,,,,,,,,
668,,,,,,,,,,,,,,,,,,,,,
669,,,,,,,,,,,,,,,,,,,,,
670,,,,,,,,,,,,,,,,,,,,,
671,,,,,,,,,,,,,,,,,,,,,
672,,,,,,,,,,,,,,,,,,,,,
673,,,,,,,,,,,,,,,,,,,,,
674,,,,,,,,,,,,,,,,,,,,,
675,,,,,,,,,,,,,,,,,,,,,
676,,,,,,,,,,,,,,,,,,,,,
677,,,,,,,,,,,,,,,,,,,,,
678,,,,,,,,,,,,,,,,,,,,,
679,,,,,,,,,,,,,,,,,,,,,
680,,,,,,,,,,,,,,,,,,,,,
681,,,,,,,,,,,,,,,,,,,,,
682,,,,,,,,,,,,,,,,,,,,,
683,,,,,,,,,,,,,,,,,,,,,
684,,,,,,,,,,,,,,,,,,,,,
685,,,,,,,,,,,,,,,,,,,,,
686,,,,,,,,,,,,,,,,,,,,,
687,,,,,,,,,,,,,,,,,,,,,
688,,,,,,,,,,,,,,,,,,,,,
689,,,,,,,,,,,,,,,,,,,,,
690,,,,,,,,,,,,,,,,,,,,,
691,,,,,,,,,,,,,,,,,,,,,
692,,,,,,,,,,,,,,,,,,,,,
693,,,,,,,,,,,,,,,,,,,,,
694,,,,,,,,,,,,,,,,,,,,,
695,,,,,,,,,,,,,,,,,,,,,
696,,,,,,,,,,,,,,,,,,,,,
697,,,,,,,,,,,,,,,,,,,,,
698,,,,,,,,,,,,,,,,,,,,,
699,,,,,,,,,,,,,,,,,,,,,
700,,,,,,,,,,,,,,,,,,,,,
701,,,,,,,,,,,,,,,,,,,,,
702,,,,,,,,,,,,,,,,,,,,,
703,,,,,,,,,,,,,,,,,,,,,
704,,,,,,,,,,,,,,,,,,,,,
705,,,,,,,,,,,,,,,,,,,,,
706,,,,,,,,,,,,,,,,,,,,,
707,,,,,,,,,,,,,,,,,,,,,
708,,,,,,,,,,,,,,,,,,,,,
709,,,,,,,,,,,,,,,,,,,,,
710,,,,,,,,,,,,,,,,,,,,,
711,,,,,,,,,,,,,,,,,,,,,
712,,,,,,,,,,,,,,,,,,,,,
713,,,,,,,,,,,,,,,,,,,,,
714,,,,,,,,,,,,,,,,,,,,,
715,,,,,,,,,,,,,,,,,,,,,
716,,,,,,,,,,,,,,,,,,,,,
717,,,,,,,,,,,,,,,,,,,,,
718,,,,,,,,,,,,,,,,,,,,,
719,,,,,,,,,,,,,,,,,,,,,
720,,,,,,,,,,,,,,,,,,,,,
721,,,,,,,,,,,,,,,,,,,,,
722,,,,,,,,,,,,,,,,,,,,,
723,,,,,,,,,,,,,,,,,,,,,
724,,,,,,,,,,,,,,,,,,,,,
725,,,,,,,,,,,,,,,,,,,,,
726,,,,,,,,,,,,,,,,,,,,,
727,,,,,,,,,,,,,,,,,,,,,
728,,,,,,,,,,,,,,,,,,,,,
729,,,,,,,,,,,,,,,,,,,,,
730,,,,,,,,,,,,,,,,,,,,,
731,,,,,,,,,,,,,,,,,,,,,
732,,,,,,,,,,,,,,,,,,,,,
733,,,,,,,,,,,,,,,,,,,,,
734,,,,,,,,,,,,,,,,,,,,,
735,,,,,,,,,,,,,,,,,,,,,
736,,,,,,,,,,,,,,,,,,,,,
737,,,,,,,,,,,,,,,,,,,,,
738,,,,,,,,,,,,,,,,,,,,,
739,,,,,,,,,,,,,,,,,,,,,
740,,,,,,,,,,,,,,,,,,,,,
741,,,,,,,,,,,,,,,,,,,,,
742,,,,,,,,,,,,,,,,,,,,,
743,,,,,,,,,,,,,,,,,,,,,
744,,,,,,,,,,,,,,,,,,,,,
745,,,,,,,,,,,,,,,,,,,,,
746,,,,,,,,,,,,,,,,,,,,,
747,,,,,,,,,,,,,,,,,,,,,
748,,,,,,,,,,,,,,,,,,,,,
749,,,,,,,,,,,,,,,,,,,,,
750,,,,,,,,,,,,,,,,,,,,,
751,,,,,,,,,,,,,,,,,,,,,
752,,,,,,,,,,,,,,,,,,,,,
753,,,,,,,,,,,,,,,,,,,,,
754,,,,,,,,,,,,,,,,,,,,,
755,,,,,,,,,,,,,,,,,,,,,
756,,,,,,,,,,,,,,,,,,,,,
757,,,,,,,,,,,,,,,,,,,,,
758,,,,,,,,,,,,,,,,,,,,,
759,,,,,,,,,,,,,,,,,,,,,
760,,,,,,,,,,,,,,,,,,,,,
761,,,,,,,,,,,,,,,,,,,,,
762,,,,,,,,,,,,,,,,,,,,,
763,,,,,,,,,,,,,,,,,,,,,
764,,,,,,,,,,,,,,,,,,,,,
765,,,,,,,,,,,,,,,,,,,,,
766,,,,,,,,,,,,,,,,,,,,,
767,,,,,,,,,,,,,,,,,,,,,
768,,,,,,,,,,,,,,,,,,,,,
769,,,,,,,,,,,,,,,,,,,,,
770,,,,,,,,,,,,,,,,,,,,,
771,,,,,,,,,,,,,,,,,,,,,
772,,,,,,,,,,,,,,,,,,,,,
773,,,,,,,,,,,,,,,,,,,,,
774,,,,,,,,,,,,,,,,,,,,,
775,,,,,,,,,,,,,,,,,,,,,
776,,,,,,,,,,,,,,,,,,,,,
777,,,,,,,,,,,,,,,,,,,,,
778,,,,,,,,,,,,,,,,,,,,,
779,,,,,,,,,,,,,,,,,,,,,
780,,,,,,,,,,,,,,,,,,,,,
781,,,,,,,,,,,,,,,,,,,,,
782,,,,,,,,,,,,,,,,,,,,,
783,,,,,,,,,,,,,,,,,,,,,
784,,,,,,,,,,,,,,,,,,,,,
785,,,,,,,,,,,,,,,,,,,,,
786,,,,,,,,,,,,,,,,,,,,,
787,,,,,,,,,,,,,,,,,,,,,
788,,,,,,,,,,,,,,,,,,,,,
789,,,,,,,,,,,,,,,,,,,,,
790,,,,,,,,,,,,,,,,,,,,,
791,,,,,,,,,,,,,,,,,,,,,
792,,,,,,,,,,,,,,,,,,,,,
793,,,,,,,,,,,,,,,,,,,,,
794,,,,,,,,,,,,,,,,,,,,,
795,,,,,,,,,,,,,,,,,,,,,
796,,,,,,,,,,,,,,,,,,,,,
797,,,,,,,,,,,,,,,,,,,,,
798,,,,,,,,,,,,,,,,,,,,,
799,,,,,,,,,,,,,,,,,,,,,
800,,,,,,,,,,,,,,,,,,,,,
801,,,,,,,,,,,,,,,,,,,,,
802,,,,,,,,,,,,,,,,,,,,,
803,,,,,,,,,,,,,,,,,,,,,
804,,,,,,,,,,,,,,,,,,,,,
805,,,,,,,,,,,,,,,,,,,,,
806,,,,,,,,,,,,,,,,,,,,,
807,,,,,,,,,,,,,,,,,,,,,
808,,,,,,,,,,,,,,,,,,,,,
809,,,,,,,,,,,,,,,,,,,,,
810,,,,,,,,,,,,,,,,,,,,,
811,,,,,,,,,,,,,,,,,,,,,
812,,,,,,,,,,,,,,,,,,,,,
813,,,,,,,,,,,,,,,,,,,,,
814,,,,,,,,,,,,,,,,,,,,,
815,,,,,,,,,,,,,,,,,,,,,
816,,,,,,,,,,,,,,,,,,,,,
817,,,,,,,,,,,,,,,,,,,,,
818,,,,,,,,,,,,,,,,,,,,,
819,,,,,,,,,,,,,,,,,,,,,
820,,,,,,,,,,,,,,,,,,,,,
821,,,,,,,,,,,,,,,,,,,,,
822,,,,,,,,,,,,,,,,,,,,,
823,,,,,,,,,,,,,,,,,,,,,
824,,,,,,,,,,,,,,,,,,,,,
825,,,,,,,,,,,,,,,,,,,,,
826,,,,,,,,,,,,,,,,,,,,,
827,,,,,,,,,,,,,,,,,,,,,
828,,,,,,,,,,,,,,,,,,,,,
829,,,,,,,,,,,,,,,,,,,,,
830,,,,,,,,,,,,,,,,,,,,,
831,,,,,,,,,,,,,,,,,,,,,
832,,,,,,,,,,,,,,,,,,,,,
833,,,,,,,,,,,,,,,,,,,,,
834,,,,,,,,,,,,,,,,,,,,,
835,,,,,,,,,,,,,,,,,,,,,
836,,,,,,,,,,,,,,,,,,,,,
837,,,,,,,,,,,,,,,,,,,,,
838,,,,,,,,,,,,,,,,,,,,,
839,,,,,,,,,,,,,,,,,,,,,
840,,,,,,,,,,,,,,,,,,,,,
841,,,,,,,,,,,,,,,,,,,,,
842,,,,,,,,,,,,,,,,,,,,,
843,,,,,,,,,,,,,,,,,,,,,
844,,,,,,,,,,,,,,,,,,,,,
845,,,,,,,,,,,,,,,,,,,,,
846,,,,,,,,,,,,,,,,,,,,,
847,,,,,,,,,,,,,,,,,,,,,
848,,,,,,,,,,,,,,,,,,,,,
849,,,,,,,,,,,,,,,,,,,,,
850,,,,,,,,,,,,,,,,,,,,,
851,,,,,,,,,,,,,,,,,,,,,
852,,,,,,,,,,,,,,,,,,,,,
853,,,,,,,,,,,,,,,,,,,,,
854,,,,,,,,,,,,,,,,,,,,,
855,,,,,,,,,,,,,,,,,,,,,
856,,,,,,,,,,,,,,,,,,,,,
857,,,,,,,,,,,,,,,,,,,,,
858,,,,,,,,,,,,,,,,,,,,,
859,,,,,,,,,,,,,,,,,,,,,
860,,,,,,,,,,,,,,,,,,,,,
861,,,,,,,,,,,,,,,,,,,,,
862,,,,,,,,,,,,,,,,,,,,,
863,,,,,,,,,,,,,,,,,,,,,
864,,,,,,,,,,,,,,,,,,,,,
865,,,,,,,,,,,,,,,,,,,,,
866,,,,,,,,,,,,,,,,,,,,,
867,,,,,,,,,,,,,,,,,,,,,
868,,,,,,,,,,,,,,,,,,,,,
869,,,,,,,,,,,,,,,,,,,,,
870,,,,,,,,,,,,,,,,,,,,,
871,,,,,,,,,,,,,,,,,,,,,
872,,,,,,,,,,,,,,,,,,,,,
873,,,,,,,,,,,,,,,,,,,,,
874,,,,,,,,,,,,,,,,,,,,,
875,,,,,,,,,,,,,,,,,,,,,
876,,,,,,,,,,,,,,,,,,,,,
877,,,,,,,,,,,,,,,,,,,,,
878,,,,,,,,,,,,,,,,,,,,,
879,,,,,,,,,,,,,,,,,,,,,
880,,,,,,,,,,,,,,,,,,,,,
881,,,,,,,,,,,,,,,,,,,,,
882,,,,,,,,,,,,,,,,,,,,,
883,,,,,,,,,,,,,,,,,,,,,
884,,,,,,,,,,,,,,,,,,,,,
885,,,,,,,,,,,,,,,,,,,,,
886,,,,,,,,,,,,,,,,,,,,,
887,,,,,,,,,,,,,,,,,,,,,
888,,,,,,,,,,,,,,,,,,,,,
889,,,,,,,,,,,,,,,,,,,,,
890,,,,,,,,,,,,,,,,,,,,,
891,,,,,,,,,,,,,,,,,,,,,
892,,,,,,,,,,,,,,,,,,,,,
893,,,,,,,,,,,,,,,,,,,,,
894,,,,,,,,,,,,,,,,,,,,,
895,,,,,,,,,,,,,,,,,,,,,
896,,,,,,,,,,,,,,,,,,,,,
897,,,,,,,,,,,,,,,,,,,,,
898,,,,,,,,,,,,,,,,,,,,,
899,,,,,,,,,,,,,,,,,,,,,
900,,,,,,,,,,,,,,,,,,,,,
901,,,,,,,,,,,,,,,,,,,,,
902,,,,,,,,,,,,,,,,,,,,,
903,,,,,,,,,,,,,,,,,,,,,
904,,,,,,,,,,,,,,,,,,,,,
905,,,,,,,,,,,,,,,,,,,,,
906,,,,,,,,,,,,,,,,,,,,,
907,,,,,,,,,,,,,,,,,,,,,
908,,,,,,,,,,,,,,,,,,,,,
909,,,,,,,,,,,,,,,,,,,,,
910,,,,,,,,,,,,,,,,,,,,,
911,,,,,,,,,,,,,,,,,,,,,
912,,,,,,,,,,,,,,,,,,,,,
913,,,,,,,,,,,,,,,,,,,,,
914,,,,,,,,,,,,,,,,,,,,,
915,,,,,,,,,,,,,,,,,,,,,
916,,,,,,,,,,,,,,,,,,,,,
917,,,,,,,,,,,,,,,,,,,,,
918,,,,,,,,,,,,,,,,,,,,,
919,,,,,,,,,,,,,,,,,,,,,
920,,,,,,,,,,,,,,,,,,,,,
921,,,,,,,,,,,,,,,,,,,,,
922,,,,,,,,,,,,,,,,,,,,,
923,,,,,,,,,,,,,,,,,,,,,
924,,,,,,,,,,,,,,,,,,,,,
925,,,,,,,,,,,,,,,,,,,,,
926,,,,,,,,,,,,,,,,,,,,,
927,,,,,,,,,,,,,,,,,,,,,
928,,,,,,,,,,,,,,,,,,,,,
929,,,,,,,,,,,,,,,,,,,,,
930,,,,,,,,,,,,,,,,,,,,,
931,,,,,,,,,,,,,,,,,,,,,
932,,,,,,,,,,,,,,,,,,,,,
933,,,,,,,,,,,,,,,,,,,,,
934,,,,,,,,,,,,,,,,,,,,,
935,,,,,,,,,,,,,,,,,,,,,
936,,,,,,,,,,,,,,,,,,,,,
937,,,,,,,,,,,,,,,,,,,,,
938,,,,,,,,,,,,,,,,,,,,,
939,,,,,,,,,,,,,,,,,,,,,
940,,,,,,,,,,,,,,,,,,,,,
941,,,,,,,,,,,,,,,,,,,,,
942,,,,,,,,,,,,,,,,,,,,,
943,,,,,,,,,,,,,,,,,,,,,
944,,,,,,,,,,,,,,,,,,,,,
945,,,,,,,,,,,,,,,,,,,,,
946,,,,,,,,,,,,,,,,,,,,,
947,,,,,,,,,,,,,,,,,,,,,
948,,,,,,,,,,,,,,,,,,,,,
949,,,,,,,,,,,,,,,,,,,,,
950,,,,,,,,,,,,,,,,,,,,,
951,,,,,,,,,,,,,,,,,,,,,
952,,,,,,,,,,,,,,,,,,,,,
953,,,,,,,,,,,,,,,,,,,,,
954,,,,,,,,,,,,,,,,,,,,,
955,,,,,,,,,,,,,,,,,,,,,
956,,,,,,,,,,,,,,,,,,,,,
957,,,,,,,,,,,,,,,,,,,,,
958,,,,,,,,,,,,,,,,,,,,,
959,,,,,,,,,,,,,,,,,,,,,
960,,,,,,,,,,,,,,,,,,,,,
961,,,,,,,,,,,,,,,,,,,,,
962,,,,,,,,,,,,,,,,,,,,,
963,,,,,,,,,,,,,,,,,,,,,
964,,,,,,,,,,,,,,,,,,,,,
965,,,,,,,,,,,,,,,,,,,,,
966,,,,,,,,,,,,,,,,,,,,,
967,,,,,,,,,,,,,,,,,,,,,
968,,,,,,,,,,,,,,,,,,,,,
969,,,,,,,,,,,,,,,,,,,,,
970,,,,,,,,,,,,,,,,,,,,,
971,,,,,,,,,,,,,,,,,,,,,
972,,,,,,,,,,,,,,,,,,,,,
973,,,,,,,,,,,,,,,,,,,,,
974,,,,,,,,,,,,,,,,,,,,,
975,,,,,,,,,,,,,,,,,,,,,
976,,,,,,,,,,,,,,,,,,,,,
977,,,,,,,,,,,,,,,,,,,,,
978,,,,,,,,,,,,,,,,,,,,,
979,,,,,,,,,,,,,,,,,,,,,
980,,,,,,,,,,,,,,,,,,,,,
981,,,,,,,,,,,,,,,,,,,,,
982,,,,,,,,,,,,,,,,,,,,,
983,,,,,,,,,,,,,,,,,,,,,
984,,,,,,,,,,,,,,,,,,,,,
985,,,,,,,,,,,,,,,,,,,,,
986,,,,,,,,,,,,,,,,,,,,,
987,,,,,,,,,,,,,,,,,,,,,
988,,,,,,,,,,,,,,,,,,,,,
989,,,,,,,,,,,,,,,,,,,,,
990,,,,,,,,,,,,,,,,,,,,,
991,,,,,,,,,,,,,,,,,,,,,
992,,,,,,,,,,,,,,,,,,,,,
993,,,,,,,,,,,,,,,,,,,,,
994,,,,,,,,,,,,,,,,,,,,,
995,,,,,,,,,,,,,,,,,,,,,
996,,,,,,,,,,,,,,,,,,,,,
997,,,,,,,,,,,,,,,,,,,,,
998,,,,,,,,,,,,,,,,,,,,,
999,,,,,,,,,,,,,,,,,,,,,
1000,,,,,,,,,,,,,,,,,,,,,
1001,,,,,,,,,,,,,,,,,,,,,
1002,,,,,,,,,,,,,,,,,,,,,
1003,,,,,,,,,,,,,,,,,,,,,
1004,,,,,,,,,,,,,,,,,,,,,
1005,,,,,,,,,,,,,,,,,,,,,
1006,,,,,,,,,,,,,,,,,,,,,
1007,,,,,,,,,,,,,,,,,,,,,
1008,,,,,,,,,,,,,,,,,,,,,
1009,,,,,,,,,,,,,,,,,,,,,
1010,,,,,,,,,,,,,,,,,,,,,
1011,,,,,,,,,,,,,,,,,,,,,
1012,,,,,,,,,,,,,,,,,,,,,
1013,,,,,,,,,,,,,,,,,,,,,
1014,,,,,,,,,,,,,,,,,,,,,
1015,,,,,,,,,,,,,,,,,,,,,
1016,,,,,,,,,,,,,,,,,,,,,
1017,,,,,,,,,,,,,,,,,,,,,
1018,,,,,,,,,,,,,,,,,,,,,
1019,,,,,,,,,,,,,,,,,,,,,
1020,,,,,,,,,,,,,,,,,,,,,
1021,,,,,,,,,,,,,,,,,,,,,
1022,,,,,,,,,,,,,,,,,,,,,
1023,,,,,,,,,,,,,,,,,,,,,
1024,,,,,,,,,,,,,,,,,,,,,
1025,,,,,,,,,,,,,,,,,,,,,
1026,,,,,,,,,,,,,,,,,,,,,
1027,,,,,,,,,,,,,,,,,,,,,
1028,,,,,,,,,,,,,,,,,,,,,
1029,,,,,,,,,,,,,,,,,,,,,
1030,,,,,,,,,,,,,,,,,,,,,
1031,,,,,,,,,,,,,,,,,,,,,
1032,,,,,,,,,,,,,,,,,,,,,
1033,,,,,,,,,,,,,,,,,,,,,
1034,,,,,,,,,,,,,,,,,,,,,
1035,,,,,,,,,,,,,,,,,,,,,
1036,,,,,,,,,,,,,,,,,,,,,
1037,,,,,,,,,,,,,,,,,,,,,
1038,,,,,,,,,,,,,,,,,,,,,
1039,,,,,,,,,,,,,,,,,,,,,
1040,,,,,,,,,,,,,,,,,,,,,
1041,,,,,,,,,,,,,,,,,,,,,
1042,,,,,,,,,,,,,,,,,,,,,
1043,,,,,,,,,,,,,,,,,,,,,
1044,,,,,,,,,,,,,,,,,,,,,
1045,,,,,,,,,,,,,,,,,,,,,
1046,,,,,,,,,,,,,,,,,,,,,
1047,,,,,,,,,,,,,,,,,,,,,
1048,,,,,,,,,,,,,,,,,,,,,
1049,,,,,,,,,,,,,,,,,,,,,
1050,,,,,,,,,,,,,,,,,,,,,
1051,,,,,,,,,,,,,,,,,,,,,
1052,,,,,,,,,,,,,,,,,,,,,
1053,,,,,,,,,,,,,,,,,,,,,
1054,,,,,,,,,,,,,,,,,,,,,
1055,,,,,,,,,,,,,,,,,,,,,
1056,,,,,,,,,,,,,,,,,,,,,
1057,,,,,,,,,,,,,,,,,,,,,
1058,,,,,,,,,,,,,,,,,,,,,
1059,,,,,,,,,,,,,,,,,,,,,
1060,,,,,,,,,,,,,,,,,,,,,
1061,,,,,,,,,,,,,,,,,,,,,
1062,,,,,,,,,,,,,,,,,,,,,
1063,,,,,,,,,,,,,,,,,,,,,
1064,,,,,,,,,,,,,,,,,,,,,
1065,,,,,,,,,,,,,,,,,,,,,
1066,,,,,,,,,,,,,,,,,,,,,
1067,,,,,,,,,,,,,,,,,,,,,
1068,,,,,,,,,,,,,,,,,,,,,
1069,,,,,,,,,,,,,,,,,,,,,
1070,,,,,,,,,,,,,,,,,,,,,
1071,,,,,,,,,,,,,,,,,,,,,
1072,,,,,,,,,,,,,,,,,,,,,
1073,,,,,,,,,,,,,,,,,,,,,
1074,,,,,,,,,,,,,,,,,,,,,
1075,,,,,,,,,,,,,,,,,,,,,
1076,,,,,,,,,,,,,,,,,,,,,
1077,,,,,,,,,,,,,,,,,,,,,
1078,,,,,,,,,,,,,,,,,,,,,
1079,,,,,,,,,,,,,,,,,,,,,
1080,,,,,,,,,,,,,,,,,,,,,
1081,,,,,,,,,,,,,,,,,,,,,
1082,,,,,,,,,,,,,,,,,,,,,
1083,,,,,,,,,,,,,,,,,,,,,
1084,,,,,,,,,,,,,,,,,,,,,
1085,,,,,,,,,,,,,,,,,,,,,
1086,,,,,,,,,,,,,,,,,,,,,
1087,,,,,,,,,,,,,,,,,,,,,
1088,,,,,,,,,,,,,,,,,,,,,
1089,,,,,,,,,,,,,,,,,,,,,
1090,,,,,,,,,,,,,,,,,,,,,
1091,,,,,,,,,,,,,,,,,,,,,
1092,,,,,,,,,,,,,,,,,,,,,
1093,,,,,,,,,,,,,,,,,,,,,
1094,,,,,,,,,,,,,,,,,,,,,
1095,,,,,,,,,,,,,,,,,,,,,
1096,,,,,,,,,,,,,,,,,,,,,
1097,,,,,,,,,,,,,,,,,,,,,
1098,,,,,,,,,,,,,,,,,,,,,
1099,,,,,,,,,,,,,,,,,,,,,
1100,,,,,,,,,,,,,,,,,,,,,
1101,,,,,,,,,,,,,,,,,,,,,
1102,,,,,,,,,,,,,,,,,,,,,
1103,,,,,,,,,,,,,,,,,,,,,
1104,,,,,,,,,,,,,,,,,,,,,
1105,,,,,,,,,,,,,,,,,,,,,
1106,,,,,,,,,,,,,,,,,,,,,
1107,,,,,,,,,,,,,,,,,,,,,
1108,,,,,,,,,,,,,,,,,,,,,
1109,,,,,,,,,,,,,,,,,,,,,
1110,,,,,,,,,,,,,,,,,,,,,
1111,,,,,,,,,,,,,,,,,,,,,
1112,,,,,,,,,,,,,,,,,,,,,
1113,,,,,,,,,,,,,,,,,,,,,
1114,,,,,,,,,,,,,,,,,,,,,
1115,,,,,,,,,,,,,,,,,,,,,
1116,,,,,,,,,,,,,,,,,,,,,
1117,,,,,,,,,,,,,,,,,,,,,
1118,,,,,,,,,,,,,,,,,,,,,
1119,,,,,,,,,,,,,,,,,,,,,
1120,,,,,,,,,,,,,,,,,,,,,
1121,,,,,,,,,,,,,,,,,,,,,
1122,,,,,,,,,,,,,,,,,,,,,
1123,,,,,,,,,,,,,,,,,,,,,
1124,,,,,,,,,,,,,,,,,,,,,
1125,,,,,,,,,,,,,,,,,,,,,
1126,,,,,,,,,,,,,,,,,,,,,
1127,,,,,,,,,,,,,,,,,,,,,
1128,,,,,,,,,,,,,,,,,,,,,
1129,,,,,,,,,,,,,,,,,,,,,
1130,,,,,,,,,,,,,,,,,,,,,
1131,,,,,,,,,,,,,,,,,,,,,
1132,,,,,,,,,,,,,,,,,,,,,
1133,,,,,,,,,,,,,,,,,,,,,
1134,,,,,,,,,,,,,,,,,,,,,
1135,,,,,,,,,,,,,,,,,,,,,
1136,,,,,,,,,,,,,,,,,,,,,
1137,,,,,,,,,,,,,,,,,,,,,
1138,,,,,,,,,,,,,,,,,,,,,
1139,,,,,,,,,,,,,,,,,,,,,
1140,,,,,,,,,,,,,,,,,,,,,
1141,,,,,,,,,,,,,,,,,,,,,
1142,,,,,,,,,,,,,,,,,,,,,
1143,,,,,,,,,,,,,,,,,,,,,
1144,,,,,,,,,,,,,,,,,,,,,
1145,,,,,,,,,,,,,,,,,,,,,
1146,,,,,,,,,,,,,,,,,,,,,
1147,,,,,,,,,,,,,,,,,,,,,
1148,,,,,,,,,,,,,,,,,,,,,
1149,,,,,,,,,,,,,,,,,,,,,
1150,,,,,,,,,,,,,,,,,,,,,
1151,,,,,,,,,,,,,,,,,,,,,
1152,,,,,,,,,,,,,,,,,,,,,
1153,,,,,,,,,,,,,,,,,,,,,
1154,,,,,,,,,,,,,,,,,,,,,
1155,,,,,,,,,,,,,,,,,,,,,
1156,,,,,,,,,,,,,,,,,,,,,
1157,,,,,,,,,,,,,,,,,,,,,
1158,,,,,,,,,,,,,,,,,,,,,
1159,,,,,,,,,,,,,,,,,,,,,
1160,,,,,,,,,,,,,,,,,,,,,
1161,,,,,,,,,,,,,,,,,,,,,
1162,,,,,,,,,,,,,,,,,,,,,
1163,,,,,,,,,,,,,,,,,,,,,
1164,,,,,,,,,,,,,,,,,,,,,
1165,,,,,,,,,,,,,,,,,,,,,
1166,,,,,,,,,,,,,,,,,,,,,
1167,,,,,,,,,,,,,,,,,,,,,
1168,,,,,,,,,,,,,,,,,,,,,
1169,,,,,,,,,,,,,,,,,,,,,
1170,,,,,,,,,,,,,,,,,,,,,
1171,,,,,,,,,,,,,,,,,,,,,
1172,,,,,,,,,,,,,,,,,,,,,
1173,,,,,,,,,,,,,,,,,,,,,
1174,,,,,,,,,,,,,,,,,,,,,
1175,,,,,,,,,,,,,,,,,,,,,
1176,,,,,,,,,,,,,,,,,,,,,
1177,,,,,,,,,,,,,,,,,,,,,
1178,,,,,,,,,,,,,,,,,,,,,
1179,,,,,,,,,,,,,,,,,,,,,
1180,,,,,,,,,,,,,,,,,,,,,
1181,,,,,,,,,,,,,,,,,,,,,
1182,,,,,,,,,,,,,,,,,,,,,
1183,,,,,,,,,,,,,,,,,,,,,
1184,,,,,,,,,,,,,,,,,,,,,
1185,,,,,,,,,,,,,,,,,,,,,
1186,,,,,,,,,,,,,,,,,,,,,
1187,,,,,,,,,,,,,,,,,,,,,
1188,,,,,,,,,,,,,,,,,,,,,
1189,,,,,,,,,,,,,,,,,,,,,
1190,,,,,,,,,,,,,,,,,,,,,
1191,,,,,,,,,,,,,,,,,,,,,
1192,,,,,,,,,,,,,,,,,,,,,
1193,,,,,,,,,,,,,,,,,,,,,
1194,,,,,,,,,,,,,,,,,,,,,
1195,,,,,,,,,,,,,,,,,,,,,
1196,,,,,,,,,,,,,,,,,,,,,
1197,,,,,,,,,,,,,,,,,,,,,
1198,,,,,,,,,,,,,,,,,,,,,
1199,,,,,,,,,,,,,,,,,,,,,
1200,,,,,,,,,,,,,,,,,,,,,
1201,,,,,,,,,,,,,,,,,,,,,
1202,,,,,,,,,,,,,,,,,,,,,
1203,,,,,,,,,,,,,,,,,,,,,
1204,,,,,,,,,,,,,,,,,,,,,
1205,,,,,,,,,,,,,,,,,,,,,
1206,,,,,,,,,,,,,,,,,,,,,
1207,,,,,,,,,,,,,,,,,,,,,
1208,,,,,,,,,,,,,,,,,,,,,
1209,,,,,,,,,,,,,,,,,,,,,
1210,,,,,,,,,,,,,,,,,,,,,
1211,,,,,,,,,,,,,,,,,,,,,
1212,,,,,,,,,,,,,,,,,,,,,
1213,,,,,,,,,,,,,,,,,,,,,
1214,,,,,,,,,,,,,,,,,,,,,
1215,,,,,,,,,,,,,,,,,,,,,
1216,,,,,,,,,,,,,,,,,,,,,
1217,,,,,,,,,,,,,,,,,,,,,
1218,,,,,,,,,,,,,,,,,,,,,
1219,,,,,,,,,,,,,,,,,,,,,
1220,,,,,,,,,,,,,,,,,,,,,
1221,,,,,,,,,,,,,,,,,,,,,
1222,,,,,,,,,,,,,,,,,,,,,
1223,,,,,,,,,,,,,,,,,,,,,
1224,,,,,,,,,,,,,,,,,,,,,
1225,,,,,,,,,,,,,,,,,,,,,
1226,,,,,,,,,,,,,,,,,,,,,
1227,,,,,,,,,,,,,,,,,,,,,
1228,,,,,,,,,,,,,,,,,,,,,
1229,,,,,,,,,,,,,,,,,,,,,
1230,,,,,,,,,,,,,,,,,,,,,
1231,,,,,,,,,,,,,,,,,,,,,
1232,,,,,,,,,,,,,,,,,,,,,
1233,,,,,,,,,,,,,,,,,,,,,
1234,,,,,,,,,,,,,,,,,,,,,
1235,,,,,,,,,,,,,,,,,,,,,
1236,,,,,,,,,,,,,,,,,,,,,
1237,,,,,,,,,,,,,,,,,,,,,
1238,,,,,,,,,,,,,,,,,,,,,
1239,,,,,,,,,,,,,,,,,,,,,
1240,,,,,,,,,,,,,,,,,,,,,
1241,,,,,,,,,,,,,,,,,,,,,
1242,,,,,,,,,,,,,,,,,,,,,
1243,,,,,,,,,,,,,,,,,,,,,
1244,,,,,,,,,,,,,,,,,,,,,
1245,,,,,,,,,,,,,,,,,,,,,
1246,,,,,,,,,,,,,,,,,,,,,
1247,,,,,,,,,,,,,,,,,,,,,
1248,,,,,,,,,,,,,,,,,,,,,
1249,,,,,,,,,,,,,,,,,,,,,
1250,,,,,,,,,,,,,,,,,,,,,
1251,,,,,,,,,,,,,,,,,,,,,
1252,,,,,,,,,,,,,,,,,,,,,
1253,,,,,,,,,,,,,,,,,,,,,
1254,,,,,,,,,,,,,,,,,,,,,
1255,,,,,,,,,,,,,,,,,,,,,
1256,,,,,,,,,,,,,,,,,,,,,
1257,,,,,,,,,,,,,,,,,,,,,
1258,,,,,,,,,,,,,,,,,,,,,
1259,,,,,,,,,,,,,,,,,,,,,
1260,,,,,,,,,,,,,,,,,,,,,
1261,,,,,,,,,,,,,,,,,,,,,
1262,,,,,,,,,,,,,,,,,,,,,
1263,,,,,,,,,,,,,,,,,,,,,
1264,,,,,,,,,,,,,,,,,,,,,
1265,,,,,,,,,,,,,,,,,,,,,
1266,,,,,,,,,,,,,,,,,,,,,
1267,,,,,,,,,,,,,,,,,,,,,
1268,,,,,,,,,,,,,,,,,,,,,
1269,,,,,,,,,,,,,,,,,,,,,
1270,,,,,,,,,,,,,,,,,,,,,
1271,,,,,,,,,,,,,,,,,,,,,
1272,,,,,,,,,,,,,,,,,,,,,
1273,,,,,,,,,,,,,,,,,,,,,
1274,,,,,,,,,,,,,,,,,,,,,
1275,,,,,,,,,,,,,,,,,,,,,
1276,,,,,,,,,,,,,,,,,,,,,
1277,,,,,,,,,,,,,,,,,,,,,
1278,,,,,,,,,,,,,,,,,,,,,
1279,,,,,,,,,,,,,,,,,,,,,
1280,,,,,,,,,,,,,,,,,,,,,
1281,,,,,,,,,,,,,,,,,,,,,
1282,,,,,,,,,,,,,,,,,,,,,
1283,,,,,,,,,,,,,,,,,,,,,
1284,,,,,,,,,,,,,,,,,,,,,
1285,,,,,,,,,,,,,,,,,,,,,
1286,,,,,,,,,,,,,,,,,,,,,
1287,,,,,,,,,,,,,,,,,,,,,
1288,,,,,,,,,,,,,,,,,,,,,
1289,,,,,,,,,,,,,,,,,,,,,
1290,,,,,,,,,,,,,,,,,,,,,
1291,,,,,,,,,,,,,,,,,,,,,
1292,,,,,,,,,,,,,,,,,,,,,
1293,,,,,,,,,,,,,,,,,,,,,
1294,,,,,,,,,,,,,,,,,,,,,
1295,,,,,,,,,,,,,,,,,,,,,
1296,,,,,,,,,,,,,,,,,,,,,
1297,,,,,,,,,,,,,,,,,,,,,
1298,,,,,,,,,,,,,,,,,,,,,
1299,,,,,,,,,,,,,,,,,,,,,
1300,,,,,,,,,,,,,,,,,,,,,
1301,,,,,,,,,,,,,,,,,,,,,
1302,,,,,,,,,,,,,,,,,,,,,
1303,,,,,,,,,,,,,,,,,,,,,
1304,,,,,,,,,,,,,,,,,,,,,
1305,,,,,,,,,,,,,,,,,,,,,
1306,,,,,,,,,,,,,,,,,,,,,
1307,,,,,,,,,,,,,,,,,,,,,
1308,,,,,,,,,,,,,,,,,,,,,
1309,,,,,,,,,,,,,,,,,,,,,
1310,,,,,,,,,,,,,,,,,,,,,
1311,,,,,,,,,,,,,,,,,,,,,
1312,,,,,,,,,,,,,,,,,,,,,
1313,,,,,,,,,,,,,,,,,,,,,
1314,,,,,,,,,,,,,,,,,,,,,
1315,,,,,,,,,,,,,,,,,,,,,
1316,,,,,,,,,,,,,,,,,,,,,
1317,,,,,,,,,,,,,,,,,,,,,
1318,,,,,,,,,,,,,,,,,,,,,
1319,,,,,,,,,,,,,,,,,,,,,
1320,,,,,,,,,,,,,,,,,,,,,
1321,,,,,,,,,,,,,,,,,,,,,
1322,,,,,,,,,,,,,,,,,,,,,
1323,,,,,,,,,,,,,,,,,,,,,
1324,,,,,,,,,,,,,,,,,,,,,
1325,,,,,,,,,,,,,,,,,,,,,
1326,,,,,,,,,,,,,,,,,,,,,
1327,,,,,,,,,,,,,,,,,,,,,
1328,,,,,,,,,,,,,,,,,,,,,
1329,,,,,,,,,,,,,,,,,,,,,
1330,,,,,,,,,,,,,,,,,,,,,
1331,,,,,,,,,,,,,,,,,,,,,
1332,,,,,,,,,,,,,,,,,,,,,
1333,,,,,,,,,,,,,,,,,,,,,
1334,,,,,,,,,,,,,,,,,,,,,
1335,,,,,,,,,,,,,,,,,,,,,
1336,,,,,,,,,,,,,,,,,,,,,
1337,,,,,,,,,,,,,,,,,,,,,
1338,,,,,,,,,,,,,,,,,,,,,
1339,,,,,,,,,,,,,,,,,,,,,
1340,,,,,,,,,,,,,,,,,,,,,
1341,,,,,,,,,,,,,,,,,,,,,
1342,,,,,,,,,,,,,,,,,,,,,
1343,,,,,,,,,,,,,,,,,,,,,
1344,,,,,,,,,,,,,,,,,,,,,
1345,,,,,,,,,,,,,,,,,,,,,
1346,,,,,,,,,,,,,,,,,,,,,
1347,,,,,,,,,,,,,,,,,,,,,
1348,,,,,,,,,,,,,,,,,,,,,
1349,,,,,,,,,,,,,,,,,,,,,
1350,,,,,,,,,,,,,,,,,,,,,
1351,,,,,,,,,,,,,,,,,,,,,
1352,,,,,,,,,,,,,,,,,,,,,
1353,,,,,,,,,,,,,,,,,,,,,
1354,,,,,,,,,,,,,,,,,,,,,
1355,,,,,,,,,,,,,,,,,,,,,
1356,,,,,,,,,,,,,,,,,,,,,
1357,,,,,,,,,,,,,,,,,,,,,
1358,,,,,,,,,,,,,,,,,,,,,
1359,,,,,,,,,,,,,,,,,,,,,
1360,,,,,,,,,,,,,,,,,,,,,
1361,,,,,,,,,,,,,,,,,,,,,
1362,,,,,,,,,,,,,,,,,,,,,
1363,,,,,,,,,,,,,,,,,,,,,
1364,,,,,,,,,,,,,,,,,,,,,
1365,,,,,,,,,,,,,,,,,,,,,
1366,,,,,,,,,,,,,,,,,,,,,
1367,,,,,,,,,,,,,,,,,,,,,
