,Year,Month,Last Name (1st Author),Paper Title,"Process (CMOS_Bulk, CMOS_SOI, SiGe)",CW Performance,Frequency (GHz),Psat (dBm),PAEmax (%),PAE Note,P1dB (dBm),PAE_1dB (%),Gain (dB),RF PA Modulations,EVM (dB),Modulation Speed (Msym/s),Average Pout (dBm),Average PAE (%),RF PA Note (Modulation Type),RF PA Note (Analog PA or Digital PA),Process node
0,2008.0,9.0,Bakalski,A Quad-Band GSM/EDGE-Compliant SiGe-Bipolar Power Amplifier,SiGe,,0.83,,,PAE,,,33.9,,,,35.9,56,GMSK,,0.35um SiGe BiCMOS
1,2000.0,9.0,Tseng,A 3-V monolithic SiGe HBT power amplifier for dual-mode (CDMA/AMPS) cellular handset applications,SiGe,,0.84,,,PAE,,,21.0,,,,29.0,41,CDMA,,
2,2000.0,9.0,Tseng,A 3-V monolithic SiGe HBT power amplifier for dual-mode (CDMA/AMPS) cellular handset applications,SiGe,,0.84,,,PAE,,,21.0,,,,31.5,51,AMPS,,
3,2006.0,6.0,Van Der Heijden,Large-signal characterization of an 870 MHz inverse class-F cross-coupled push-pull PA using active mixed-mode load-pull,SiGe,,0.87,20.3,67,PAE,19.5,65.0,21.0,,,,,,,,0.5um SiGe BiCMOS
4,2008.0,6.0,Qureshi,A highly efficient chireix amplifier using adaptive power combining,SiGe,,0.87,27,60,CE,,,,,,,,,,,
5,2003.0,6.0,Abedinpour,Monolithic supply modulated RF power amplifier and DC-DC power converter IC,SiGe,,0.9,,,,,,24.0,,,,,,,,0.18um SiGe BiCMOS
6,2003.0,6.0,Abedinpour,Monolithic supply modulated RF power amplifier and DC-DC power converter IC,SiGe,,0.9,,,,,,24.0,,,,,,,,0.18um SiGe BiCMOS
7,2004.0,9.0,Johnson,Silicon-germanium BiCMOS HBT technology for wireless power amplifier applications,SiGe,,0.9,,,,,,,,-32.76,,34.5,35,GMSK,,0.5um SiGe
8,2006.0,8.0,Neo,Adaptive Multi-Band Multi-Mode Power Amplifier Using Integrated Varactor-Based Tunable Matching Networks,SiGe,,0.9,28,30,CE,,,11.0,,,,,,,,
9,2005.0,6.0,Berretta,CDMA2000 PCS/cell SiGe HBT load insensitive power amplifiers,SiGe,,0.935,34,47,PAE,31.5,38.0,28.0,,,,28.5,30,HPSK IS-2000,,0.25um BiCMOS
10,2014.0,6.0,Ozen,Wideband and efficient watt-level SiGe BiCMOS switching mode power amplifier using continuous class-E modes theory,SiGe,,1.4,30,63,PAE,,,,,,,,,,,0.25 um SiGe BiCMOS
11,2008.0,9.0,Bakalski,A Quad-Band GSM/EDGE-Compliant SiGe-Bipolar Power Amplifier,SiGe,,1.71,,,,,,26.3,,,,32.3,44,GMSK,,0.35um SiGe BiCMOS
12,2015.0,5.0,Li,A highly integrated multiband LTE SiGe power amplifier for envelope tracking,SiGe,,1.71,32,60,PAE,30.8,27.5,27.0,,-41.3,,26.5,42,LTE (10 MHz. QPSK) @1.9 GHz,with DPD,0.35 μm SiGe BiCMOS
13,2004.0,9.0,Johnson,Silicon-germanium BiCMOS HBT technology for wireless power amplifier applications,SiGe,,1.8,,,,,,,,,,31.5,45,DCS/PCS 1710-1910,,0.5um SiGe
14,2006.0,8.0,Neo,Adaptive Multi-Band Multi-Mode Power Amplifier Using Integrated Varactor-Based Tunable Matching Networks,SiGe,,1.8,28,40,CE,,,11.5,,,,,,,,
15,2005.0,6.0,Berretta,CDMA2000 PCS/cell SiGe HBT load insensitive power amplifiers,SiGe,,1.88,32,43,PAE,28.0,35.0,28.0,,,,28.0,30,HPSK IS-2000,,0.25um BiCMOS
16,2005.0,6.0,Mostafa,A 1.9GHz SiGe BiCMOS PHS transceiver with an integrated PA and a fast settling PLL,SiGe,,1.9,,,,,,,,-26,0.384,21.0,,pi/4 QPSK,,0.35um SiGe BiCMOS
17,2005.0,6.0,Muthukrishnan,An ESD protected RFIC power amplifier design,SiGe,,1.9,25.5,43,PAE,23.4,,26.0,,,,,,,,
18,2006.0,8.0,Neo,Adaptive Multi-Band Multi-Mode Power Amplifier Using Integrated Varactor-Based Tunable Matching Networks,SiGe,,1.9,28,50,CE,,,12.0,,,,,,,,
19,2012.0,5.0,Li,A Fully Monolithic BiCMOS Envelope-Tracking Power Amplifier With On-Chip Transformer for Broadband Wireless Applications,SiGe,,1.9,29.1,37,PAE,,30.0,,,-28.9,,23.2,22.5,"WiMax (64QAM, 5 MHz)",,0.35 m SiGe BiCMOS
20,2012.0,5.0,LI,A Fully Monolithic BiCMOS Envelope-Tracking Power Amplifier With On-Chip Transformer for Broadband Wireless Applications,SiGe,,1.9,29.1,37,PAE,,30.0,,,-27.1,,24.6,26,"WiMax (16QAM, 5 MHz)",,0.35 m SiGe BiCMOS
21,2012.0,7.0,Li,Design of High Efficiency Monolithic Power Amplifier With Envelope-Tracking and Transistor Resizing for Broadband Wireless Applications,SiGe,,1.9,29,60,PAE,,,,,-26.2,,23.4,38,LTE 16QAM 10 MHz,,0.35 μm SiGe BiCMOS
22,2012.0,7.0,Li,Design of High Efficiency Monolithic Power Amplifier With Envelope-Tracking and Transistor Resizing for Broadband Wireless Applications,SiGe,,1.9,29,60,PAE,,,,,-27.5,,26.1,35,LTE 16QAM 5 MHz,,0.35 μm SiGe BiCMOS
23,2004.0,6.0,Deng,A high-efficiency SiGe BiCMOS WCDMA power amplifier with dynamic current biasing for improved average efficiency,SiGe,,1.95,,31,PAE,25.9,,,,,,23.9,,W-CDMA,,0.25um SiGe BiCMOS
24,2005.0,2.0,Deng,A high average-efficiency SiGe HBT power amplifier for WCDMA handset applications,SiGe,,1.95,,,,,,,,,,23.9,31,W-CDMA,,0.25um SiGe BiCMOS
25,2005.0,6.0,Deng,A SiGe PA with dual dynamic bias control and memoryless digital predistortion for WCDMA handset applications,SiGe,,1.95,,,,,,18.0,,,,26.0,27,W-CDMA,,250nm SiGe BiCMOS
26,2006.0,5.0,Deng,A SiGe PA with dual dynamic bias control and memoryless digital predistortion for WCDMA handset applications,SiGe,,1.95,,,,,,18.5,,,,26.0,27,W-CDMA,,0.25um SiGe BiCMOS
27,2007.0,3.0,Sahu,"A High Efficiency WCDMA RF Power Amplifier With Adaptive, Dual-Mode Buck-Boost Supply and Bias-Current Control",SiGe,,1.96,,,,,,,,-20,,25.0,,HPSK W-CDMA,,0.5um CMOS
28,2003.0,,Juurakko,Differential SiGe Power Amplifier for 3GPP WCDMA,SiGe,,2.0,26.7,18.5,PAE,21.0,,22.0,,,,11.65,,3GPP WCDMA,,SiGe_BiCMOS(350nm)
29,2003.0,6.0,Juurakko,Differential SiGe power amplifier for 3GPP WCDMA,SiGe,,2.0,26.7,18.5,PAE,21.0,,22.0,,,,11.65,,W-CDMA,,0.35um SiGe BiCMOS
30,2006.0,5.0,O’Sullivan,Investigation into SiGe HBT class E/F PA efficiency at 2 GHz for VDD from 1 to 1.8 V,SiGe,,2.0,11.8,39,PAE,,,11.68,,,,,,,,0.18um BiCMOS
31,2006.0,,Sullivaan,"nvestigation into SiGe HBT Class E/F PA Efficiency
at 2 GHz for VDD From 1 to 1.8 V",SiGe,,2.0,11.8,39,PAE,,,11.68,,,,,,,,SiGe
32,2012.0,10.0,Hedayati,A 2-GHz Highly Linear Efficient Dual-Mode BiCMOS Power Amplifier Using a Reconfigurable Matching Network,SiGe,,2.0,23,38,PAE,21.0,32.0,13.0,,-30.7,56 Mbps,15.0,16,802.16e WiMax OFDM(64QAM) ,Analog,SiGe_BiCMOS(250nm)
33,2012.0,7.0,Hedayati,A 2-GHz Highly Linear Efficient Dual-Mode BiCMOS Power Amplifier Using a Reconfigurable Matching Network ,SiGe,,2.0,23,38,PAE,21.0,32.0,13.0,,-30.7,,15.0,16,WiMAX 64QAM (10 MHz),,0.25- μm SiGe:C BiCMOS
34,2012.0,10.0,Fritsche,Analysis and Design of a Stacked Power Amplifier With Very High Bandwidth,SiGe,,2.0,27.3,40,PAE,26.2,34.0,23.8,,-21.9,,20.8,12,LTE (64 QAM),,SiGe BiCMOS (250nm)
35,2012.0,8.0,Fritsche,Analysis and Design of a Stacked Power Amplifier With Very High Bandwidth ,SiGe,,2.0,27.3,40,PAE,26.2,34.0,23.8,,-18,,20.8,12,LTE (16-QAM),Cascode with stacked transistor,0.25 um SiGe HBT
36,2014.0,,Ozen,Wideband and Efficient Watt-level SiGe BiCMOS Switching Mode Power Amplifier Using Continuous Class-E Modes Theory,SiGe,,2.0,29,70(CE),CE,,,,,,,,,,Digital,SiGe BiCMOS
37,2006.0,8.0,Neo,Adaptive Multi-Band Multi-Mode Power Amplifier Using Integrated Varactor-Based Tunable Matching Networks,SiGe,,2.1,28,35(CE),CE,,,9.0,,,,,,,,
38,2010.0,,Krishnamurthy,SiGe Power Amplifier ICs for 4G (WIMAX and LTE) Mobile and Nomadic Applications,SiGe,,2.3,31,,,,,34.0,,-27.9,,25.0,18,802.16e 10Mhz 16QAM,,SiGe
39,2002.0,,Raghavan,A 2.4 GHz High Efficiency SiGe HBT Power Amplifier with High-Q LTCC Harmonic Suppression Filter,SiGe,,2.4,27.5,47,PAE,,,35.0,,,,,,,,SiGe HBT
40,2005.0,6.0,Keerti,Dynamic output phase to adaptively improve the linearity of power amplifier under antenna mismatch,SiGe,,2.4,,18.2,PAE,18.0,,28.5,,,,,,,,
41,2005.0,,Hua,High-Linearity and Temperature-Insensitive 2.4 GHz SiGe Power Amplifier with Dynamic-Bias Control,SiGe,,2.4,27.5,16,PAE,27.0,15.5,22.2,,-29.1,,24.0,12.2,802.11b,,SiGe HBT (900nm)
42,2007.0,6.0,Wang,A Monolithic High-Efficiency 2.4-GHz 20-dBm SiGe BiCMOS Envelope-Tracking OFDM Power Amplifier,SiGe,,2.4,29,40,PAE,23.0,30.0,13.8,,-26,52 Mbps,20.0,28,802.11g OFDM(64QAM),Analog,SiGe_BiCMOS(180nm)
43,2009.0,5.0,Liao,A Fully Integrated 2×2 Power Amplifier for Dual Band MIMO 802.11n WLAN Application Using SiGe HBT Technology,SiGe,,2.4,,,PAE,,,33.0,,-25,54 Mbps,18.5,19,OFDM(64QAM),Analog,SiGe_HBT(180nm)
44,2010.0,,Farmer,A 2.4 GHz SiGe HBT High Voltage/High Power Amplifier,SiGe,,2.4,18.55,30,PAE,,,,,,,,,,,SiGe HBT (120nm)
45,2011.0,10.0,Li,A SiGe Envelope-Tracking Power Amplifier With an Integrated CMOS Envelope Modulator for Mobile WiMAX/3GPP LTE Transmitters,SiGe,,2.4,27,58,PAE,25.0,51.0,16.0,,-27.5,,22.3,33,64QAM (WiMax),,SiGe_BiCMOS(350nm)
46,2012.0,,Huang,A Highly Integrated Dual-band SiGe Power Amplifier that Enables 256 QAM 802.11ac WLAN Radio Front-End Designs,SiGe,,2.4,,,,,,28.0,,-30.45,54Mbps,19.5,,802.11g(40Mhz),,SiGe BiCMOS PA
47,2006.0,,Kim,Impedance Optimization of Linearizer to Suppress Intermodulation Distortion in 2.45GHz SiGe WLAN Power Amplifier,SiGe,,2.45,,,PAE,24.0,31.0,17.0,,-27.5,,17.8,,802.11g,,SiGe
48,2015.0,2.0,Lee,Fully Monolithic BiCMOS Reconfigurable Power Amplifier for Multi-Mode and Multi-Band Applications,SiGe,,2.45,29.5,,PAE,28.6,20.8,42.0,,-30.45,,,,64QAM,,SiGe BiCMOS ( 180nm)
49,2016.0,,samelis,A Fully Integrated Flip-Chip SiGe BiCMOS Power Amplifier for 802.11ac Applications,SiGe,,2.45,26.5,,,,,29.5,,-30,54Mbps,20.6,,802.11g,,SiGe BiCMOS
50,2010.0,,Wang,A 3.4 GHz to 4.3 GHz Frequency-Reconfigurable Class E Power Amplifier with an Integrated CMOS-MEMS LC Balun,SiGe,,3.4,18.7,14.1,PAE,16.0,11.0,,,,,,,,,BiCMOS (350nm)
51,2009.0,9.0,Solomko,A fully Integrated 3.3-3.8-Ghz Power Amplifier With Autotransformer Balun,SiGe,,3.5,29.3,38.8,PAE,24.6,,13.0,,,,,,64QAM,,SiGe
52,2021.0,,Lee,"A 2–24 GHz SiGe HBT Cascode Non-uniform Distributed Power Amplifier Using A Compact, Wideband Two-Section Lumped Element Output Impedance Transformer",SiGe,,4.0,21.3,21.7,PAE,19.0,19.5,11.2,,-26.1,1G,10.3,6.4,64QAM,Analog,130nm SiGe
53,2022.0,7.0,Ju,"An Efficient, Broadband SiGe HBT Non-Uniform Distributed Power Amplifier Leveraging a Compact, Two-Section λ/4 Output Impedance Transformer",SiGe,,4.0,21,21.5,PAE,14.0,12.0,10.0,6GHz,-25.9,2000,5.0,2.3,64QAM,,130nm
54,2010.0,,Wang,A 3.4 GHz to 4.3 GHz Frequency-Reconfigurable Class E Power Amplifier with an Integrated CMOS-MEMS LC Balun,SiGe,,4.3,19.1,15.1,PAE,16.0,12.0,,,,,,,,,BiCMOS (350nm)
55,2003.0,,Tanzi,A 1-Watt Doubly Balanced 5GHz Flip-Chip SiGe Power Amplifier,SiGe,,4.9,31.5,24,PAE,29.6,18.5,20.6,,,,,,,,SiGe_HBT(350nm)
56,2022.0,5.0,Sutardja,Multi-Watt-Level 4.9-GHz Silicon Power Amplifier for Portable Thermoacoustic Imaging,SiGe,,4.9,37.3,29.1,PAE,,,26.0,,,,,,,,55nm
57,2020.0,9.0,Ju,Highly Linear High-Power 802.11ac/ax WLAN SiGe HBT Power Amplifiers With a Compact 2nd-Harmonic-Shorted Four-Way Transformer and a Thermally Compensating Dynamic Bias Circuit,SiGe,,5.0,33,35.2,PAE,,,31.8,,-30,20M,25.5,16.3,802.11n MCS7/802.11ac MCS0/8,Analog,130nm SiGe
58,2005.0,10.0,Reimann,A single chip SiGe BiCMOS Transceiver and SiGe Power Amplifier for 5.8 GHz WDCT applications,SiGe,,5.1,25,38,PAE,,,30.0,,,,,,,,SiGe BiCMOS
59,2004.0,8.0,Bakalski,A 5.25 GHz SiGe Bipolar Power Amplifier for IEEE 802.1 la Wireless LAN,SiGe,,5.25,25.9,30,PAE,23.8,24.0,27.0,,,54Mbps,,,WLAN-OFDM,,SiGe_HBT(350nm)
60,2004.0,8.0,Bakalski,A fully integrated 5.3-GHz 2.4-V 0.3-W SiGe bipolar power amplifier with 50-Ω output,SiGe,,5.3,25,24,PAE,22.0,14.0,26.0,,-31,54 Mbps,11.0,,802.11a (64QAM),Analog,SiGe_HBT(350nm)
61,2012.0,7.0,Huang,A Highly Integrated Dual-band SiGe Power Amplifier that Enables 256 QAM 802.11ac WLAN Radio Front-End Designs,SiGe,,5.5,,,,,,32.0,,-34.45,54Mbps,19.0,,802.11a (40Mhz),,SiGe BiCMOS PA
62,2020.0,9.0,Ju,4 A Highly Linear High-Power 802.11ac/ax WLAN SiGe HBT Power Amplifier Using a Compact 2nd-Harmonic-Shorting Four-Way Transformer and Integrated Thermal Sensors,SiGe,,5.5,,,,,,,802.11ac MCS9,-35,,23.6,12.2,,,
63,2010.0,9.0,Huang,A Highly Integrated Dual Band SiGe BiCMOS Power Amplifier that Simplifies Dual-band WLAN and MIMO Front-End Circuit Designs,SiGe,,5.6,,,,,,30.0,,-30.45,54Mbps,19.0,,,,SiGe BiCMOS
64,2003.0,7.0,Shinjo,High PldB and Low Quiescent Current SiGe HBT Power Amplifier MMIC Using Self Base Bias Control Circuit for 5.8GHz ETC Terminals,SiGe,,5.8,16,,,15.3,,19.6,,,,,,,,SiGe_HBT
65,2006.0,7.0,Pham,"A 5.8GHz, 47% Efficiency, Linear Outphase Power Amplifier with Fully Integrated Power Combiner",SiGe,,5.8,18.5,47,DE,,,,,,,18.5,47,64 QAM,,SiGe BiCMOS
66,2006.0,11.0,Shinjo,5.8GHz ETC SiGe-MMIC Transceiver having Improved PA-VCO Isolation with Thin Silicon Substrate,SiGe,,5.84,,,,,,,,,,15.5,,ASK,,SiGe BiCMOS
67,2009.0,5.0,Liao,A Fully Integrated 2×2 Power Amplifier for Dual Band MIMO 802.11n WLAN Application Using SiGe HBT Technology,SiGe,,5.9,25,14,PAE,,,21.0,,-25,54 Mbps,18.3,15,OFDM(64QAM),Analog,SiGe_HBT(180nm)
68,2009.0,10.0,Sewiolo,A 12-GHz High -Efficiency Tapered Traveling-Wave Power Amplifier With Novel Power Matched Cascode Gain Cells Using SiGe HBT Transistors,SiGe,,7.0,20,22.1,PAE,17.45,13.9,12.0,,,,,,,,SiGe BiCMOS (250nm)
69,2002.0,4.0,Ma,A High-Power and High-Gain X-Band Si/SiGe/Si Heterojunction Bipolar Transistor,SiGe,,8.0,26.3,28.1,PAE,,,6.9,,,,,,,,SiGe_HBT
70,2022.0,7.0,Ju,"An Efficient, Broadband SiGe HBT Non-Uniform Distributed Power Amplifier Leveraging a Compact, Two-Section λ/4 Output Impedance Transformer",SiGe,,8.0,21,20,PAE,14.0,11.0,10.0,6GHz,-25.9,2000,5.0,2.3,64QAM,,130nm
71,2014.0,1.0,Harir,0.5W X-Band SiGe PA With Integrated Double-Tuned Transformers,SiGe,,8.25,27,34,PAE,,,25.0,,,,,,,,SiGe-HBT (180nm)
72,2001.0,7.0,Ma,An X-band high-power amplifier using SiGe/Si HBT and lumped passive components,SiGe/Si,,8.4,25,12,PAE,14.5,8.5,5.5,,,,,,,,MMIC  SiGe/Si HBT 
73,2015.0,5.0,Kerherve,A Broadband 4.5-15.5-Ghz SiGe Power Amplifier With 25.5-dBm Peak Saturated Output Power and 28.7% Maximum PAE,SiGe,,8.5,23.7,31.9,PAE,19.5,20.0,15.6,,,,,,,,SiGE BiCMOS(130nm)
74,2019.0,9.0,Redois,Quasi Inverse Class-F X-Band Highly Efficient Power Amplifier with 51.8% Peak PAE in SiGe,SiGe,,9.0,26.2,51.8,PAE,,,17.3,,,,,,,,130nm BiCMOS
75,2007.0,7.0,Andrews,"A High-Gain, Two-Stage, X-Band SiGe Power Amplifier",SiGe,,9.5,22,26,PAE,,,,,,,,,,,SiGe
76,2017.0,,Ju,An X-band Inverse Class-F SiGe HBT Cascode Power Amplifier With Harmonic-tuned Output Transformer,SiGe,,10.0,26.3,51.1,PAE,,,15.8,,,,,,,,SiGe BiCMOS(130nm)
77,2019.0,11.0,Yhayyil,"A 4-32 GHz SiGe Multi-Octave Power Amplifier With 20 dBm Peak Power, 18.6 dB Peak Gain and 156% Power Fractional Bandwidth",SiGe,,10.0,20.2,20,PAE,19.3,17.0,15.0,,,,,,,,130nm 
78,2022.0,7.0,Ju,"An Efficient, Broadband SiGe HBT Non-Uniform Distributed Power Amplifier Leveraging a Compact, Two-Section λ/4 Output Impedance Transformer",SiGe,,12.0,20.5,17,PAE,13.0,10.0,10.0,,,,,,,,130nm
79,2013.0,,Gerlich,Highly Efficient Packaged 11–13 GHz Power Amplifier in SiGe-Technology With 37.3% of PAE,SiGe,,12.5,23.4,37.3,PAE,,,21.2,,,,,,,,SiGe HBT 
80,2010.0,,Noh,A Compact Ku-Band SiGe Power Amplifier MMIC With On-Chip Active Biasing,SiGe,,14.0,24.45,29.1,PAE,,,,,,,,,,,SiGe BiCMOS (250nm)
81,2016.0,,Chen,A 1-Watt Ku-Band Power Amplifier in SiGe with 37.5% PAE,SiGe,,14.1,30,37.5,PAE,29.0,36.0,,,,,,,,,SiGe BiCMOS (250nm)
82,2014.0,1.0,Kim,A Concurrent Ku/K/Ka Tri-Band Distributed Power Amplifier With Negative-Resistance Active Notch Using SiGe BiCMOS Process,SiGe,,15.0,8.8,4.4,PAE,2.9,2.0,15.4,,,,,,,,SiGe BiCMOS ( 180nm)
83,2022.0,7.0,Ju,"An Efficient, Broadband SiGe HBT Non-Uniform Distributed Power Amplifier Leveraging a Compact, Two-Section λ/4 Output Impedance Transformer",SiGe,,16.0,20.5,18,PAE,10.0,6.0,10.0,,,,,,,,130nm
84,2022.0,4.0,Coquillas,A 27dBm Ku-Band SiGe Power Amplifier Working up to 90°C with High Robustness to the 2:1 SWR,SiGe,,18.0,"26,6",25,PAE,,,13.7,,,,,,,,250nm
85,2018.0,,Li,A Continuous-Mode Harmonically Tuned 19-to-29.5GHz Ultra-Linear PA Supporting 18Gb/s at 18.4% Modulation PAE and 43.5% Peak PAE,SiGe,,20.0,17.4,37,PAE,,,,,,,,,,,
86,2019.0,,Loo,A K-Band Differential SiGe Stacked Power Amplifier Based on Capacitive Compensation Techniques for Gain Enhancement,SiGe,,20.0,22.2,26,PAE,20.8,,21.17,,,,,,,Analog,180nm SiGe
87,2022.0,7.0,Ju,"An Efficient, Broadband SiGe HBT Non-Uniform Distributed Power Amplifier Leveraging a Compact, Two-Section λ/4 Output Impedance Transformer",SiGe,,20.0,19.5,15,PAE,9.0,5.0,9.0,,,,,,,,130nm
88,2005.0,2.0,Cheung,A 21 to 26GHz SiGe Bipolar PA MMIC,SiGe,,22.0,23,19.7,PAE,18.8,,19.0,,,,,,,,
89,2005.0,12.0,Cheung,A 21-26-GHz SiGe bipolar power amplifier MMIC,SiGe,,22.0,23,19.7,PAE,18.8,,19.0,,,,,,,,
90,2018.0,1.0,Li,Design and characterization of a 12–40 GHz power amplifier in SiGe technology,SiGe,,22.0,21.5,20.1,PAE,19.8,13.4,13.9,,,,,,,,
91,2004.0,9.0,Chartier,24 and 36 GHz SiGe HBT power amplifiers,SiGe,,24.0,,,PAE,12.0,2.7,17.7,,,,,,,,
92,2005.0,2.0,Cheung,A 21 to 26GHz SiGe Bipolar PA MMIC,SiGe,,24.0,21.5,13,PAE,,,19.0,,,,,,,,
93,2005.0,12.0,Cheung,A 21-26-GHz SiGe bipolar power amplifier MMIC,SiGe,,24.0,21.5,13,PAE,,,19.0,,,,,,,,
94,2005.0,6.0,Kinayman,Design of 24 GHz SiGe HBT balanced power amplifier for system-on-a-chip ultra-wideband applications,SiGe,,24.0,12,2.9,PAE,11.0,,18.0,,,,,,,,
95,2006.0,9.0,Comeau,"A Monolithic 24 GHz, 20 dBm, 14% PAE SiGe HBT Power Amplifier",SiGe,,24.0,20,14,PAE,,,12.0,,,,,,,,
96,2009.0,9.0,Komijani,"A 24-GHz, +14.5-dBm fully integrated power amplifier in 0.18um CMOS",SiGe,,24.0,14.5,6.5,PAE,12.0,,7.0,,,,,,,,
97,2014.0,2.0,Kim,A 16.5–28 GHz 0.18-um BiCMOS Power Amplifier With Flat 19.4 +-1.2 dBm Output Power,SiGe,,24.0,19.4,22.3,PAE,13.8,,37.6,,,,,,,,
98,2014.0,11.0,Kim,"Design of a K-band power amplifier for high gain, output power and efficiency on 0.18-µm SiGe BiCMOS process",SiGe,,24.0,19.4,22.3,PAE,13.8,,37.6,,,,,,,,
99,2015.0,10.0,Welp,A 24 GHz Signal Generator with 30.8 dBm Output Power Based on a Power Amplifier with 24.7 dBm Output Power and 31% PAE in SiGe,SiGe,,24.0,30.8,17.6,PAE,,,16.1,,,,,,,,
100,2015.0,10.0,Welp,A 24 GHz Signal Generator with 30.8 dBm Output Power Based on a Power Amplifier with 24.7 dBm Output Power and 31% PAE in SiGe,SiGe,,24.0,29.8,19.8,PAE,,,16.1,,,,,,,,
101,2015.0,10.0,Welp,A 24 GHz Signal Generator with 30.8 dBm Output Power Based on a Power Amplifier with 24.7 dBm Output Power and 31% PAE in SiGe,SiGe,,24.0,28.7,21.9,PAE,,,16.1,,,,,,,,
102,2015.0,10.0,Welp,A 24 GHz Signal Generator with 30.8 dBm Output Power Based on a Power Amplifier with 24.7 dBm Output Power and 31% PAE in SiGe,SiGe,,24.0,24.7,31,PAE,,,18.5,,,,,,,,
103,2016.0,9.0,Welp,A Wideband 20 to 28 GHz Signal Generator MMIC With 30.8 dBm Output Power Based on a Power Amplifier Cell With 31% PAE in SiGe,SiGe,,24.0,30.8,17.6,PAE,,,16.1,,,,,,,,
104,2016.0,9.0,Welp,A Wideband 20 to 28 GHz Signal Generator MMIC With 30.8 dBm Output Power Based on a Power Amplifier Cell With 31% PAE in SiGe,SiGe,,24.0,29.8,19.8,PAE,,,16.1,,,,,,,,
105,2016.0,9.0,Welp,A Wideband 20 to 28 GHz Signal Generator MMIC With 30.8 dBm Output Power Based on a Power Amplifier Cell With 31% PAE in SiGe,SiGe,,24.0,28.7,21.9,PAE,,,16.1,,,,,,,,
106,2016.0,9.0,Welp,A Wideband 20 to 28 GHz Signal Generator MMIC With 30.8 dBm Output Power Based on a Power Amplifier Cell With 31% PAE in SiGe,SiGe,,24.0,24.7,31,PAE,,,18.5,,,,,,,,
107,2016.0,10.0,Mortazavi,Integrated Inverse Class-F Silicon Power Amplifiers for High Power Efficiency at Microwave and mm-Wave,SiGe,,24.0,18,50,PAE,16.0,,21.0,,-26,8.4,13.0,30,64QAM,,0.13um BiCMOS
108,2020.0,,Wang,A 22-37 GHz Broadband Compact Linear Mm-Wave Power Amplifier Supporting 64-/256-/512-QAM Modulations for 5G Communications,SiGe,,24.0,20.9,43.7,PAE,20.6,41.0,17.4,,-25.1,100,12.6,17.5,64QAM,Analog,90nm SiGe
109,2020.0,6.0,Wang,A Broadband Millimeter-Wave Continuous-Mode Class-F Power Amplifier Based on theDeembedded Transistor Model,SiGe,,24.0,18.1,32.1,PAE,,,18.3,,,,,,,Analog,130nm SiGe
110,2020.0,,Wang,24.1 A 24-to-30GHz Watt-Level Broadband Linear Doherty Power Amplifier with Multi-Primary Distributed-Active-Transformer Power-Combining Supporting 5G NR FR2 64-QAM with >19dBm Average Pout and >19% Average PAE,SiGe,,24.0,28.2,37.8,PAE,26.6,37.8,23.6,,-25.4,200,21.3,24.6,64QAM,Analog,130nm SiGe
111,2021.0,6.0,Lee,"A 2–24 GHz SiGe HBT Cascode Non-uniform Distributed Power Amplifier Using A Compact, Wideband Two-Section Lumped Element Output Impedance Transformer ",SiGe HBT,2-24,24.0,18,12,PAE,16.0,11.0,11.2,64QAM,-26.1,1000,18.0,20,,,130nm
112,2014.0,1.0,Kim,A Concurrent Ku/K/Ka Tri-Band Distributed Power Amplifier With Negative-Resistance Active Notch Using SiGe BiCMOS Process,SiGe,,25.0,13.3,6.5,PAE,3.3,,14.8,,,,,,,,
113,2014.0,11.0,Kim,"Design of a 0.18-µm BiCMOS PA with concurrent and non-concurrent operations in 10–19, 23–29 and 33–40 GHz bands",SiGe,,25.0,5.4,,,-5.0,4.4,16.4,,,,,,,,
114,2013.0,11.0,Huynh,New Technique for Synthesizing Concurrent Dual-Band Impedance-Matching Filtering Networks and 0.18- m SiGe BiCMOS 25.5/37-GHz Concurrent Dual-Band Power Amplifier,SiGe,,25.5,16,10.6,PAE,10.4,,21.4,,,,,,,,
115,2017.0,1.0,Chen,A 20-30 GHz High Efficiency Power Amplifier IC with an Adaptive Bias Circuit in 130-nm SiGe BiCMOS,SiGe,,26.0,13.6,40.9,PAE,,,8.5,,,,,,,,
116,2017.0,1.0,Chen,A 20-30 GHz High Efficiency Power Amplifier IC with an Adaptive Bias Circuit in 130-nm SiGe BiCMOS,SiGe,,26.0,14.6,43.8,PAE,,,9.1,,,,,,,,
117,2019.0,,Tsay,A Highly Efficient Broadband mm-Wave 24-32.5 GHz SiGe PA for Potential 5G Applications,SiGe,,26.0,14.2,41.2,PAE,10.9,35.9,11.5,,,250,6.4,,"16-QAM LTE, PAPR=7.5 dB",Analog,90nm SiGe
118,2014.0,9.0,Essing,"A 27GHz, 31dBm Power Amplifier in a 0.25μm SiGe:C BiCMOS technology",SiGe,,27.0,29.7,10.5,PAE,,,20.2,,,,,,,,
119,2014.0,9.0,Essing,"A 27GHz, 31dBm Power Amplifier in a 0.25μm SiGe:C BiCMOS technology",SiGe,,27.0,31,13,PAE,,,20.7,,,,,,,,
120,2014.0,1.0,Sarkar,A 28-GHz Class-J Power Amplifier with 18-dBm output power and 35% peak PAE in 120-nm SiGe BiCMOS,SiGe,,27.0,18.9,33.8,PAE,15.1,27.6,15.0,,,,,,,,
121,2014.0,2.0,Mortazavi,"A Class F-1/F 24-to-31GHz Power Amplifier with 40.7% Peak PAE, 15dBm OP1dB, and 50mW Psat in 0.13µm SiGe BiCMOS",SiGe,,27.0,17.1,40.7,PAE,15.0,,10.3,,,,,,,,
122,2014.0,9.0,Sarkar,A power-efficient 4-element beamformer in 120-nm SiGe BiCMOS for 28-GHz cellular communications,SiGe,,27.0,16.5,27.5,PAE,15.7,25.6,33.2,,,,,,,,
123,2016.0,12.0,Mortazavi,"A Class F-1/F 24-to-31GHz Power Amplifier with 40.7% Peak PAE, 15dBm OP1dB, and 50mW Psat in 0.13µm SiGe BiCMOS",SiGe,,27.0,17.1,40.7,PAE,15.0,,10.3,,,,,,,,
124,2017.0,2.0,Sarkar,A 28-GHz Harmonic-Tuned Power Amplifier in 130-nm SiGe BiCMOS,SiGe,,27.0,18.8,33.8,PAE,15.1,27.6,15.0,,,,,,,Analog,
125,2019.0,,Wang,A Ka-Band Highly Linear Power Amplifier with a Linearization Bias Circuit,SiGe,,27.0,16.5,31.1,PAE,15.9,30.6,12.5,,-33.3,800,10.55,16.67,256 QAM,,0.25um SiGe
126,2019.0,,Wang,A Ka-Band Highly Linear Power Amplifier with a Linearization Bias Circuit,SiGe,,27.0,16.5,31.1,PAE,15.9,30.6,12.5,,-29.6,800,11.44,18.55,64 QAM,,0.25um SiGe
127,2019.0,,Wang,A Broadband Linear Millimeter-Wave Power Amplifier With an Adaptive Bias Circuit,SiGe,,27.5,17.1,26.5,PAE,15.7,24.9,21.7,,-29.7,800,8.77,11.56,64QAM,,250nm SiGe BiCMOS
128,2019.0,,Wang,A Ka-Band Highly Linear Power Amplifier with a Linearization Bias Circuit,SiGe,,27.5,16.5,31.1,PAE,15.9,30.6,12.5,,-29.6,800,11.44,18.55,64QAM,Analog,250nm SiGe
129,2019.0,,Wang,A Ka-Band Highly Linear Power Amplifier with a Linearization Bias Circuit,SiGe,,27.5,16.5,31.1,PAE,15.9,30.6,12.5,,-33.3,800,10.55,16.67,256QAM,Analog,250nm SiGe
130,2020.0,4.0,Rabet,A 28 GHz Single-Input Linear Chireix (SILC) Power Amplifier in 130 nm SiGe Technology,,,27.5,19,34,PAE,,23.0,9.7,,,100,11.9,20.2,64QAM,a dual input high-efficiency outphasing PA,130nm
131,2020.0,3.0,Rabet,A 28 GHz Single-Input Linear Chireix (SILC) Power Amplifier in 130 nm SiGe Technology,SiGe,,27.5,19,34,PAE,,,9.7,,-26.2,100,11.9,20.2,64QAM OFDM,Analog,130nm SiGe
132,2014.0,1.0,Sarkar,A 28-GHz Class-J Power Amplifier with 18-dBm output power and 35% peak PAE in 120-nm SiGe BiCMOS,SiGe,,28.0,18.6,35.3,PAE,15.5,31.5,15.3,,,,,,,,
133,2014.0,9.0,Sarkar,A power-efficient 4-element beamformer in 120-nm SiGe BiCMOS for 28-GHz cellular communications,SiGe,,28.0,16.5,24.3,PAE,15.8,22.3,30.6,,,,,,,,
134,2015.0,9.0,Mortazavi,A 28-GHz Inverse Class-F Power Amplifier with Coupled-Inductor based Harmonic Impedance Modulator,SiGe,,28.0,17.1,42,PAE,15.0,,21.2,,,,,,,Analog,
135,2015.0,5.0,Kumar,A Low Power Programmable Gain High PAE K-/Ka-Band Stacked Amplifier in 0.18 um SiGe BiCMOS Technology,SiGe,,28.0,9.2,35.3,PAE,8.3,,16.3,,,,,,,,
136,2015.0,12.0,Ma,A Reconfigurable K-/Ka-Band Power Amplifier With High PAE in 0.18-um SiGe BiCMOS for Multi-Band Applications,SiGe,,28.0,9.2,35.3,PAE,8.3,,16.3,,,,,,,,
137,2017.0,12.0,Sadhu,A 28-GHz 32-Element TRX Phased-Array IC With Concurrent Dual-Polarized Operation and Orthogonal Phase and Gain Control for 5G Communications,SiGe,,28.0,16,23,PAE,13.5,,40.0,,,,,,,,
138,2017.0,2.0,Sarkar,A 28-GHz Harmonic-Tuned Power Amplifier in 130-nm SiGe BiCMOS,SiGe,,28.0,18.6,35.3,PAE,15.5,31.5,15.3,,,,,,,Analog,
139,2017.0,6.0,Sarkar,A 28-GHz SiGe BiCMOS PA With 32% Efficiency and 23-dBm Output Power,SiGe,,28.0,23.7,32.7,PAE,23.2,32.7,28.7,,,,,,,,
140,2017.0,2.0,Hu,A 28GHz/37GHz/39GHz Multiband Linear Doherty Power Amplifier for 5G Massive MIMO Applications,SiGe,,28.0,16.8,20.3,PAE,15.2,19.5,18.2,,-26.6,1000,7.2,14.4,64QAM,Analog,
141,2017.0,2.0,Hu,A 28GHz/37GHz/39GHz Multiband Linear Doherty Power Amplifier for 5G Massive MIMO Applications,SiGe,,28.0,16.8,20.3,PAE,15.2,19.5,18.2,,-28.4,500,9.2,18.5,64QAM,Analog,
142,2018.0,2.0,Rabet,A High-Efficiency 28GHz Outphasing PA with 23dBm Output Power Using a Triaxial Balun Combiner,SiGe,,28.0,23,41.4,PAE,,,,,-30.5,80,14.3,25.3,64QAM OFDM,Outphasing,
143,2018.0,1.0,Kibaroglu,A Low-Cost Scalable 32-Element 28-GHz Phased Array Transceiver for 5G Communication Links Based on a 2×2Beamformer Flip-Chip Unit Cell,SiGe,,28.0,,,,12.0,13.0,14.0,,,,,,,,
144,2019.0,,Nawaz,A 28/60GHz Dual-band Power Amplifier,SiGe,,28.0,18.4,33,PAE,,,16.2,,,,,,,,
145,2019.0,,Nawaz,A 28/60 GHz Dual-band Power Amplifier,SiGe,Dual band,28.0,18.4,33,PAE,,,16.2,,,,,,,Analog,130nm SiGe
146,2020.0,,Wang,A 22-37 GHz Broadband Compact Linear Mm-Wave Power Amplifier Supporting 64-/256-/512-QAM Modulations for 5G Communications,SiGe,,28.0,20.3,39.8,PAE,19.4,38.1,17.4,,-25,100,10.5,12.6,64QAM,Analog,90nm SiGe
147,2020.0,2.0,Wang,A 24-to-30GHz Watt-Level Broadband Linear Doherty Power Amplifier with Multi-Primary Distributed-Active- Transformer Power-Combining Supporting 5G NR FR2 64-QAM with >19dBm Average Pout and >19% Average PAE,SIGE ,24-28,28.0,28,30.4,PAE,26.8,30.2,20.5,,-25,1200,20.9,18.4,64QAM,,130nm
148,2019.0,,Deng,A Highly Linear 25–32 GHz Power Amplifier with 22-dBm Output Power and 30% PAE in 130-nm SiGe BiCMOS,SiGe,,28.0,23,30.8,PAE,22.1,30.0,26.0,,,,,,,Analog,130nm SiGe
149,2019.0,,Potschka,A Highly Linear and Efficient 28 GHz Stacked Power Amplifier for 5G using Analog Predistortion in a 130 nm BiCMOS Process,SiGe,,28.0,,,,16.1,26.0,14.6,,,,,,,Analog,130nm SiGe
150,2020.0,7.0, Boroujeni,A Broadband High-Efficiency Continuous Class-AB Power Amplifier for Millimeter-Wave 5G and SATCOM Phased-Array Transmitters,SiGe,Dual band,28.0,14,25,PAE,12.0,,11.2,,-28,0.3,8.4,17,64QAM,Analog,130nm SiGe
151,2020.0,,Kolb,A 28 GHz Highly Accurate Phase- and Gain-Steering Transmitter Frontend for 5G Phased-Array Applications,SiGe,,28.0,,,,16.1,,14.6,,,,,,,Analog,130nm SiGe
152,2020.0,5.0,Nawaz,A 28-/60-GHz Band-Switchable Bidirectional Amplifier for Reconfigurable mm-Wave Transceivers,SiGe,,28.0,16.3,23.6,PAE,14.7,21.9,14.1,,-23.47850394598347,50,,,"64QAM, PAPR=7.6",Analog,130nm SiGe
153,2019.0,5.0,Hu,A 28-/37-/39-GHz Linear Doherty Power Amplifier in Silicon for 5G Applications,SiGe,,28.0,16.8,20.3,PAE,15.2,19.5,18.2,collector efficiency,-27,500,9.2,18.5,64QAM,Analog,130nm SiGe
154,2019.0,5.0,Hu,A 28-/37-/39-GHz Linear Doherty Power Amplifier in Silicon for 5G Applications,SiGe,,28.0,16.8,20.3,PAE,15.2,19.5,18.2,collector efficiency,-26.6,1000,7.2,14.4,64QAM,Analog,130nm SiGe
155,2021.0,,Wang,24.1 A 24-to-30GHz Watt-Level Broadband Linear Doherty Power Amplifier with Multi-Primary Distributed-Active-Transformer Power-Combining Supporting 5G NR FR2 64-QAM with >19dBm Average Pout and >19% Average PAE,SiGe,,28.0,28.3,30.4,PAE,26.8,30.2,20.5,,-25,200,20.9,18.4,64QAM,Analog,130nm SiGe
156,2021.0,6.0,Tsai,A Linear and Efficient Power Amplifier Supporting Wideband 64-QAM for 5G Applications from 26 to 30 GHz in SiGe:C BiCMOS ,SiGe,26-30,28.0,22.7,38.1,PAE,22.1,35.2,19.4,64QAM 8.3,-25.2,4800,16.2,11,,,130nm
157,2022.0,1.0,Ding,A 28/38 GHz Dual-Band Power Amplifier for 5G Communication,SiGe,,28.0,18.8,25,PAE,17.8,24.2,25.7,,,,,,,,250nm
158,2018.0,2.0,Li,A continuous-mode harmonically tuned 19-to-29.5GHz ultra-linear PA supporting 18Gb/s at 18.4% modulation PAE and 43.5% peak PAE,SiGe,,28.5,17,43.5,PAE,15.2,39.2,20.0,,-25,3000,9.8,18.4,64QAM,Analog,
159,2018.0,2.0,Li,A continuous-mode harmonically tuned 19-to-29.5GHz ultra-linear PA supporting 18Gb/s at 18.4% modulation PAE and 43.5% peak PAE,SiGe,,28.5,17,43.5,PAE,15.2,39.2,20.0,,-27.3,1000,10.7,21.4,64QAM,,
160,2018.0,2.0,Li,A continuous-mode harmonically tuned 19-to-29.5GHz ultra-linear PA supporting 18Gb/s at 18.4% modulation PAE and 43.5% peak PAE,SiGe,,28.5,17,43.5,PAE,15.2,39.2,20.0,,-26.8,1500,10.7,21.5,64QAM,,
161,2014.0,1.0,Sarkar,A 28-GHz Class-J Power Amplifier with 18-dBm output power and 35% peak PAE in 120-nm SiGe BiCMOS,SiGe,,29.0,18,34.7,PAE,15.9,33.2,15.5,,,,,,,,
162,2014.0,9.0,Sarkar,A power-efficient 4-element beamformer in 120-nm SiGe BiCMOS for 28-GHz cellular communications,SiGe,,29.0,16.9,26.2,PAE,16.9,26.1,29.8,,,,,,,,
163,2017.0,2.0,Sarkar,A 28-GHz Harmonic-Tuned Power Amplifier in 130-nm SiGe BiCMOS,SiGe,,29.0,18,34.7,PAE,15.9,33.2,15.5,,,,,,,Analog,
164,2021.0,3.0,LI,A High Linearity Adaptive Bi as SiGe Power Amplifier f or 5G C ommunication,SiGe,24-30,29.0,18,22.5,PAE,,20.1,35.0,64QAM,,2400,13.25,,,,130nm SiGe
165,2021.0,6.0,Tsai,A Linear and Efficient Power Amplifier Supporting Wideband 64-QAM for 5G Applications from 26 to 30 GHz in SiGe:C BiCMOS ,SiGe,26-30,29.0,22.4,39.8,PAE,20.4,32.2,19.4,64QAM 8.4,-25.2,4800,17.0,13.3,,,130nm
166,2015.0,5.0,Kumar,A Low Power Programmable Gain High PAE K-/Ka-Band Stacked Amplifier in 0.18 um SiGe BiCMOS Technology,SiGe,,29.5,11.1,55.9,PAE,9.6,,16.0,,,,,,,,
167,2015.0,12.0,Ma,A Reconfigurable K-/Ka-Band Power Amplifier With High PAE in 0.18-um SiGe BiCMOS for Multi-Band Applications,SiGe,,29.5,11.1,55.9,PAE,9.6,,16.0,,,,,,,,
168,2017.0,10.0,Somesanu,"A Highly Compact, 16.8 dBm Psat Ka-band Power Amplifier in 250 nm SiGe:C BiCMOS",SiGe,,29.5,16.8,15,PAE,15.0,,14.0,,,,,,,1-stage cascode class AB,
169,2017.0,4.0,Balducci,A Ka-band Low Power and High-Efficiency Differential Power Amplifier in 0.25-μm BiCMOS,SiGe,,29.5,13.9,17.5,PAE,12.3,16.5,16.5,,,,,,,,
170,2007.0,6.0,Riemer,Ka-Band SiGe HBT Power Amplifier for Single-Chip T/R Module Applications,SiGe,,30.0,19.4,6.18,PAE,15.4,,46.8,,,,,,,,
171,2011.0,10.0,Farmer,Millimeter-Wave SiGe HBT High Voltage/High Power Architecture Implementation,SiGe,,30.0,19,11.47,PAE,16.58,8.89,13.0,,,,,,,,
172,2016.0,8.0,Chen,A 30-GHz band high-efficiency Class-J power amplifier IC in 120-nm SiGe HBT technology,SiGe,,30.0,,31.8,PAE,9.6,,9.0,,,,,,,1-stage class-J,
173,2016.0,8.0,Chen,A 30-GHz band high-efficiency Class-J power amplifier IC in 120-nm SiGe HBT technology,SiGe,,30.0,,32.4,PAE,10.8,,9.1,,,,,,,1-stage class-J,
174,2017.0,12.0,Özen,Efficient Millimeter Wave Doherty PA Design Based on a Low-Loss Combiner Synthesis Technique,SiGe,,30.0,21.3,18,PAE,18.5,25.0,6.7,,-26.020599913279625,200,11.0,14,64QAM(PAPR=6.14dB),1-stage Doherty,
175,2017.0,12.0,Özen,Efficient Millimeter Wave Doherty PA Design Based on a Low-Loss Combiner Synthesis Technique,SiGe,,30.0,21.3,18,PAE,18.5,25.0,6.7,,-25.19274621011512,200,12.0,15.5,64QAM(PAPR=6.14dB),1-stage Doherty,
176,2017.0,12.0,Özen,Efficient Millimeter Wave Doherty PA Design Based on a Low-Loss Combiner Synthesis Technique,SiGe,,30.0,21.3,18,PAE,18.5,25.0,6.7,,-23.741732867142886,200,13.0,17.5,64QAM(PAPR=6.14dB),1-stage Doherty,
177,2019.0,,Gu,A K-/Ka-Band 21.4 dBm Power Amplifier with Four-Way Twisted Combiner in 0.13 μm SiGe BiCMOS,SiGe,,31.0,21.4,28.1,PAE,20.3,,23.0,,,,,,,Analog,130nm SiGe
178,2007.0,7.0,Chang,A 26 to 40GHz Wideband SiGe Balanced Power Amplifier IC,SiGe,,32.0,19.4,11.2,PAE,16.4,,13.0,,,,,,,,
179,2019.0,11.0,Thayyil,"A 4–32 GHz SiGe Multi-Octave Power Amplifier With 20 dBm Peak Power, 18.6 dB Peak Gain and 156% Power Fractional Bandwidth",SiGe,,32.0,20.2,20.6,PAE,19.4,,18.6,,,,,,,Analog,130nm SiGe
180,2007.0,10.0,Min,SiGe T/R Modules for Ka-Band Phased Arrays,SiGe,,33.0,19.4,11.2,PAE,,,13.0,,,,,,,,
181,2018.0,10.0,Zhou,A 26.5-40GHz SiGe Stacked Cascode Power Amplifier,SiGe,,33.0,25.3,31.7,PAE,23.6,,20.1,,,,,,,,
182,2017.0,6.0,Datta,Waveform Engineering in a mm-Wave Stacked-HBT Switching Power Amplifier,SiGe,,34.0,25.5,26,PAE,,,13.0,,,,,,,,
183,2019.0,,Zhang,"A Ka-Band Power Amplifier with 22.9 dBm Psat, 22.5 dBm OP1dB and 21% PAE in 130 nm SiGe BiCMOS",SiGe,,34.0,22.9,21,PAE,22.5,,24.9,,,,,,,Analog,130nm SiGe
184,2014.0,1.0,Kim,A Concurrent Ku/K/Ka Tri-Band Distributed Power Amplifier With Negative-Resistance Active Notch Using SiGe BiCMOS Process,SiGe,,35.0,13.8,7.5,PAE,0.0,,12.8,,,,,,,,
185,2014.0,11.0,Kim,"Design of a 0.18-µm BiCMOS PA with concurrent and non-concurrent operations in 10–19, 23–29 and 33–40 GHz bands",SiGe,,35.0,3.8,,,-4.9,4.4,13.9,,,,,,,,
186,2019.0,11.0,Bagger,An 11 GHz–Bandwidth Variable Gain Ka–Band Power Amplifier for 5G Applications,SiGe,,35.0,17.8,15.4,PAE,13.5,9.0,36.0,,-25,100,8.7,4.3,64QAM,,130nm SiGe BiCMOS
187,2019.0,,Bagger,An 11 GHz–Bandwidth Variable Gain Ka–Band Power Amplifier for 5G Applications,SiGe,,35.0,17.8,15.4,PAE,13.5,,34.0,,-25,100,8.7,4.3,"64QAM, PAPR=8.1",Analog,130nm SiGe
188,2020.0,11.0,Wang,A 30-to-41 GHz SiGe Power Amplifier With Optimized Cascode Transistors Achieving 22.8 dBm Output Power and 27% PAE,SiGe,35,35.0,22.8,27,PAE,22.6,,25.3,,,,,,,,130nm SiGe
189,2004.0,9.0,Chartier,24 and 36 GHz SiGe HBT power amplifiers,SiGe,,36.0,,,,10.0,1.5,15.3,,,,,,,,
190,2013.0,11.0,Huynh,New Technique for Synthesizing Concurrent Dual-Band Impedance-Matching Filtering Networks and 0.18- m SiGe BiCMOS 25.5/37-GHz Concurrent Dual-Band Power Amplifier,SiGe,,37.0,13,4.9,PAE,7.1,,17.0,,,,,,,,
191,2017.0,2.0,Hu,A 28GHz/37GHz/39GHz Multiband Linear Doherty Power Amplifier for 5G Massive MIMO Applications,SiGe,,37.0,17.1,22.6,PAE,15.5,21.6,17.1,,-30.3,500,9.5,19.2,64QAM,Analog,
192,2020.0,8.0,Bagger,A 20-GHz Bandwidth Power Amplifier for Phased Array 5G New Radio Transmitters,SiGe,25-43,37.0,20,17,PAE,19.0,16.0,31.0,,-25,,11.6,8,64QAM,,
193,2020.0,8.0,Bagger,A 20-GHz Bandwidth Power Amplifier for Phased Array 5G New Radio Transmitters,SiGe,,37.0,20,17,PAE,19.0,16.0,31.0,,-25,100,11.6,8,"64QAM OFDM, PAPR=11.2",Analog,130nm SiGe
194,2019.0,5.0,Hu,A 28-/37-/39-GHz Linear Doherty Power Amplifier in Silicon for 5G Applications,SiGe,,37.0,17.1,22.6,PAE,15.5,21.6,17.1,collector efficiency,-30.3,500,9.5,19.2,64QAM,Analog,130nm SiGe
195,2021.0,1.0,Wei Hong,A Broadband Power Amplifier in 130-nm SiGe BiCMOS Technology,SiGe,37-50,37.0,19.2,23.9,PAE,16.8,,25.5,,,,,,,,130nm
196,2011.0,10.0,Dabag,A 45-GHz SiGe HBT amplifier at greater than 25 % efficiency and 30 mW output power,SiGe,,37.5,14.8,26.2,PAE,,,11.5,,,,,,,,
197,2012.0,6.0,Kalantari,A Nested-Reactance Feedback Power Amplifier for Q-Band Applications,SiGe,,38.0,23,10.7,PAE,,,18.7,,,,,,,,
198,2012.0,6.0,Kalantari,A Nested-Reactance Feedback Power Amplifier for Q-Band Applications,SiGe,,38.0,21.3,20,PAE,,,18.7,,,,,,,,
199,2015.0,5.0,Mortazavi,"A 38 GHz Inverse Class-F Power Amplifier with 38.5% Peak PAE, 16.5 dB Gain, and 50 mW Psat in 0.13-μm SiGe BiCMOS",SiGe,,38.0,17.2,38.5,PAE,15.5,,16.5,,,,,,,Analog,
200,2016.0,11.0,Mortazavi,Integrated Inverse Class-F Silicon Power Amplifiers for High Power Efficiency at Microwave and mm-Wave,SiGe,,38.0,16.5,38.5,PAE,15.0,,16.5,,-26,8.4,13.5,32,64QAM,,0.13um BiCMOS
201,2020.0,7.0,Ali,A 38-GHz Millimeter-Wave Double-Stacked HBT Class-F−1 High-Gain Power Amplifier in 130-nm SiGe-BiCMOS,SiGe,,38.0,21.2,30.1,PAE,,,22.1,,,,,,,Double-Stacked HBT Class-F−1,130nm SiGe BiCMOS
202,2020.0,7.0,Boroujeni,A Broadband High-Efficiency Continuous Class-AB Power Amplifier for Millimeter-Wave 5G and SATCOM Phased-Array Transmitters,SiGe,24-38,38.0,13,26.7,PAE,11.0,,10.2,,-26,800,7.4,17,64QAM,,
203,2020.0,7.0, Boroujeni,A Broadband High-Efficiency Continuous Class-AB Power Amplifier for Millimeter-Wave 5G and SATCOM Phased-Array Transmitters,SiGe,Dual band,38.0,13,26.7,PAE,11.0,,10.2,,-26,0.3,7.4,17,64QAM,Analog,130nm SiGe
204,2020.0,7.0,Ali,A 38-GHz Millimeter-Wave Double-Stacked HBT Class-F−1 High-Gain Power Amplifier in 130-nm SiGe-BiCMOS,SiGe,,38.0,21.2,30.1,PAE,17.5,,22.1,,,,,,,Analog,130nm SiGe
205,2022.0,1.0,Ding,A 28/38 GHz Dual-Band Power Amplifier for 5G Communication,SiGe,,38.0,17,17.5,PAE,15.8,15.9,21.4,,,,,,,,250nm
206,2017.0,2.0,Hu,A 28GHz/37GHz/39GHz Multiband Linear Doherty Power Amplifier for 5G Massive MIMO Applications,SiGe,,39.0,17,21.4,PAE,15.4,20.7,16.6,,-28.7,500,9.3,17.2,64QAM,Analog,
207,2019.0,5.0,Hu,A 28-/37-/39-GHz Linear Doherty Power Amplifier in Silicon for 5G Applications,SiGe,,39.0,17,21.4,PAE,15.4,20.7,16.6,collector efficiency,-28.7,500,9.3,17.2,64QAM,Analog,130nm SiGe
208,2013.0,6.0,Datta,A Triple-Stacked Class-E mm-Wave SiGe HBT Power Amplifier,SiGe,,40.0,22.5,19.3,PAE,,,15.4,,,,,,,,
209,2013.0,6.0,Datta,A Triple-Stacked Class-E mm-Wave SiGe HBT Power Amplifier,SiGe,,40.0,22.5,20.3,PAE,,,13.9,,,,,,,,
210,2013.0,6.0,Datta,A Triple-Stacked Class-E mm-Wave SiGe HBT Power Amplifier,SiGe,,40.0,22.2,20.8,PAE,,,15.4,,,,,,,,
211,2014.0,10.0,Datta,"Performance Limits, Design and Implementation of mm-Wave SiGe HBT Class-E and Stacked Class-E Power Amplifiers",SiGe,,40.0,22.2,20.8,PAE,,,15.4,,,,,,,,
212,2017.0,6.0,Chappidi,A Digital mm-Wave PA Architecture with Simultaneous Frequency and Back-off Reconfigurability,SiGe,,40.0,23.7,28.5,PAE,,,23.4,,,,,,,,
213,2016.0,5.0,Mortazavi,A 43% PAE inverse Class-F power amplifier at 39–42 GHz with a λ/4-transformer based harmonic filter in 0.13-µm SiGe BiCMOS,SiGe,,40.5,18,43,PAE,16.0,,18.0,,,,,,,Analog,
214,2013.0,6.0,Datta,"Analysis, design and implementation of mm-Wave SiGe stacked Class-E power amplifiers",SiGe,,41.0,23.6,31,PAE,,,12.5,,,,,,,,
215,2013.0,6.0,Datta,"Analysis, design and implementation of mm-Wave SiGe stacked Class-E power amplifiers",SiGe,,41.0,23,31.4,PAE,,,13.3,,,,,,,,
216,2013.0,6.0,Datta,"Analysis, design and implementation of mm-Wave SiGe stacked Class-E power amplifiers",SiGe,,41.0,23.4,34.9,PAE,,,14.5,,,,,,,,
217,2014.0,10.0,Datta,"Performance Limits, Design and Implementation of mm-Wave SiGe HBT Class-E and Stacked Class-E Power Amplifiers",SiGe,,41.0,23.4,34.9,PAE,,,14.5,,,,,,,,
218,2014.0,10.0,Datta,"Performance Limits, Design and Implementation of mm-Wave SiGe HBT Class-E and Stacked Class-E Power Amplifiers",SiGe,,41.0,18.1,36,PAE,,,5.6,,,,,,,,
219,2010.0,5.0,Kalantari,"A 19.4 dBm, Q-Band Class-E Power Amplifier in a 0.12 um SiGe BiCMOS Process",SiGe,,42.0,19.4,14.4,PAE,,,6.0,,,,,,,,
220,2012.0,2.0,Kim,"A Switchless, Q-Band Bidirectional Transceiver in 0.12- um SiGe BiCMOS Technology",SiGe,,42.0,9.5,13.7,PAE,8.5,,,,,,,,,,
221,2013.0,2.0,Tai,A 0.7W Fully Integrated 42GHz Power Amplifier with 10% PAE in 0.13µm SiGe BiCMOS,SiGe,,42.0,28.4,10,PAE,,,18.5,,,,,,,,
222,2013.0,10.0,Wu,A Q-Band/W-Band Dual-Band Power Amplifier in 0.12 µm SiGe BiCMOS Process,SiGe,,43.0,14,15,PAE,,,19.0,,,,,,,,
223,2020.0,6.0,Wang,A Broadband Millimeter-Wave Continuous-Mode Class-F Power Amplifier Based on the Deembedded Transistor Model,SiGe,21-43,43.0,18.1,32.1,PAE,,,18.3,,,,,,,,130nm SiGe BiCMOS
224,2020.0,6.0,Wang,A Broadband Millimeter-Wave Continuous-Mode Class-F Power Amplifier Based on theDeembedded Transistor Model,SiGe,,43.0,17.2,24.1,PAE,,,18.3,,,,,,,Analog,130nm SiGe
225,2010.0,5.0,Kalantari,"A 19.4 dBm, Q-Band Class-E Power Amplifier in a 0.12 um SiGe BiCMOS Process",SiGe,,45.0,11.4,18,PAE,,,6.0,,,,,,,,
226,2011.0,10.0,Dabag,A 45-GHz SiGe HBT amplifier at greater than 25 % efficiency and 30 mW output power,SiGe,,45.0,13.6,25,PAE,,,9.2,,,,,,,,
227,2011.0,10.0,Dabag,A 45-GHz SiGe HBT amplifier at greater than 25 % efficiency and 30 mW output power,SiGe,,45.0,14.75,30.8,PAE,,,7.8,,,,,,,,
228,2011.0,10.0,Tai,A Q-Band SiGe Power Amplifier with 17.5 dBm Saturated Output Power and 26% Peak PAE,SiGe,,45.0,17.5,26,PAE,,,16.6,,,,,,,,
229,2012.0,9.0,Datta,A 20 dBm Q-Band SiGe Class-E Power Amplifier With 31% Peak PAE,SiGe,,45.0,20.5,26.2,PAE,,,8.8,,,,,,,,
230,2012.0,9.0,Datta,A 20 dBm Q-Band SiGe Class-E Power Amplifier With 31% Peak PAE,SiGe,,45.0,20.5,29,PAE,,,8.9,,,,,,,,
231,2012.0,9.0,Datta,A 20 dBm Q-Band SiGe Class-E Power Amplifier With 31% Peak PAE,SiGe,,45.0,20.2,31.5,PAE,,,10.5,,,,,,,,
232,2012.0,10.0,Datta,A 22.4 dBm Two-Way Wilkinson Power-Combined Q-Band SiGe Class-E Power Amplifier with 23% Peak PAE,SiGe,,45.0,21.7,22,PAE,,,9.3,,,,,,,,
233,2012.0,10.0,Datta,A 22.4 dBm Two-Way Wilkinson Power-Combined Q-Band SiGe Class-E Power Amplifier with 23% Peak PAE,SiGe,,45.0,22.3,22.5,PAE,,,8.1,,,,,,,,
234,2012.0,10.0,Datta,A 22.4 dBm Two-Way Wilkinson Power-Combined Q-Band SiGe Class-E Power Amplifier with 23% Peak PAE,SiGe,,45.0,22.4,23,PAE,,,9.0,,,,,,,,
235,2014.0,10.0,Datta,"Performance Limits, Design and Implementation of mm-Wave SiGe HBT Class-E and Stacked Class-E Power Amplifiers",SiGe,,45.0,22.4,23,PAE,,,9.3,,,,,,,,
236,2014.0,10.0,Datta,"Performance Limits, Design and Implementation of mm-Wave SiGe HBT Class-E and Stacked Class-E Power Amplifiers",SiGe,,45.0,20.2,31.5,PAE,,,10.5,,,,,,,,
237,2014.0,9.0,Datta,A mm-Wave Class-E 1-bit Power Modulator,SiGe,,46.0,21.8,18.5,PAE,,,,,,,,,,,
238,2015.0,2.0,Datta,A 29dBm 18.5% Peak PAE mm-Wave Digital Power Amplifier with Dynamic Load Modulation,SiGe,,46.0,28.9,18.4,PAE,,,13.0,,,,,,,Digital,
239,2017.0,2.0,Datta,WATT-LEVEL mm-WAVE POWER AMPLIFICATION,SiGe,,46.0,28.9,18.4,PAE,28.9,18.4,13.0,,,,,,,,
240,2017.0,2.0,Datta,Watt-Level mm-Wave Power Amplification With Dynamic Load Modulation in a SiGe HBT Digital Power Amplifier,SiGe,,46.0,28.9,18.4,PAE,,,13.0,,,,,,,Digital,
241,2015.0,,Fang,A 105-GHz supply-scaled distributed amplifier in 90nm SiGe BiCMOS,SiGe,,50.0,17,12.6,PAE,14.9,,12.0,,,,,,,,
242,2022.0,9.0,Emir Ali Karahan,"Deep Learning-Enabled Inverse Design of 30–94 GHz P sat,3 dB SiGe PA Supporting Concurrent Multiband Operation at Multi-Gb/s",SiGe,,50.0,19,21,PAE,18.3,,7.0,Carrier 50GHz,-24.6,4500,12.2,10.4,64QAM,,90nm SiGe
243,2022.0,1.0,Oguz Kazan,A 10-130 GHz Distributed Power Amplifier Achieving 2.6 THz GBW with Peak 13.1 dBm Output P1dB for Ultra-Wideband Applications in 90nm SiGe HBT Technology,SiGe,10-130,50.0,14.5,10,PAE,13.0,7.5,27.0,,,,,,,,90nm
244,2022.0,6.0,Zheng Liu,"Deep Learning-Enabled Inverse Design of 30–94 GHz Psat,3dB SiGe PA Supporting Concurrent Multiband Operation at Multi-Gb/s",SiGe,30-94,50.0,19,21,PAE,18.3,,9.5,Carrier 66GHz,-23.8,2500,9.1,10.7,32QAM,,90nm
245,2020.0,12.0,Nguyen,A Wideband SiGe Power Amplifier Using Modified Triple Stacked-HBT Cell,SiGe,0-50,53.0,,,,,,13.2,,,,,,,He reports voltage gain not power gain,90nm
246,2016.0,,Chappidi,A frequency-reconfigurable mm-wave power amplifier with active impedance synthesis in an asymmetrical non-isolated combiner,SiGe,,55.0,23.6,27.7,PAE,19.9,15.7,,,,,,,,,
247,2016.0,2.0,Chappidi,A Frequency-Reconfigurable mm-Wave Power Amplifier with Active-Impedance Synthesis in an Asymmetrical Non-Isolated Combiner,SiGe,,55.0,23.6,27.7,PAE,19.9,15.7,18.8,,-25,500,12.8,,64QAM,Analog,
248,2017.0,8.0,Chappidi,Frequency Reconfigurable mm-wave power amplifier with active impedance synthesis in an asymmetrical non-isolated combiner: Analysis and design,SiGe,,55.0,23.6,27.7,PAE,21.0,15.7,18.8,,-25,500,12.8,,64QAM,,
249,2017.0,8.0,Chappidi,Frequency Reconfigurable mm-Wave Power Amplifier With Active Impedance Synthesis in an Asymmetrical Non-Isolated Combiner: Analysis and Design,SiGe,,55.0,23.6,27.7,PAE,19.9,15.7,18.8,,-25,500,12.8,,64QAM,Analog,
250,2013.0,,Glisic,A high-efficiency PA with peak PAE of 32.9% and 12.7dBm P1dB for 60GHz beamforming applications in SiGe,SiGe,,57.0,13.3,32.9,PAE,12.7,,17.2,,,,,,,,
251,2006.0,,Garcia,A 60-GHz class-E power amplifier in SiGe,SiGe,,58.0,11.5,20.9,PAE,,,,,,,,,,,
252,2006.0,,Pfeiffer,A 20dBm fully integrated 60GHz SiGe power amplifier with automatic level control,SiGe,,60.0,20,12.7,PAE,13.1,,18.0,,,,,,,,
253,2006.0,,Wang,A 60GHz transmitter with integrated antenna in 0.18um SiGe BiCMOS,SiGe,,60.0,20,12.7,PAE*,,,,,,,,,,,
254,2007.0,5.0,Pfeiffer,23dBm 60GHz distributed active transformer in Silicon Process Technology,SiGe,,60.0,23,6.3,PAE,,,20.0,,,,,,,,
255,2009.0,,Demirel,59-71GHz wideband MMIC balanced power amplifier in a 0.13um SiGe technology,SiGe,,60.0,18.8,9.8,PAE,13.5,,18.3,,,,,,,,
256,2010.0,,Chen,Design and Analysis of a stage-scaled distributed power amplifier,SiGe,,60.0,17.5,13.2,PAE,16.3,,,,,,,,,,
257,2011.0,,Zhao,A 60GHz 20dBm power amplifier with 20% peak PAE,SiGe,,60.0,20.5,19.4,PAE,19.9,,20.5,,,,,,,,
258,2012.0,8.0,Sun,A Compact liner 60-GHz PA with 29.2% PAE operating at weak avalance area in SiGe,SiGe,,60.0,16.8,28.4,PAE,11.7,,11.4,,,,,,,,
259,2012.0,8.0,Sun,A Compact liner 60-GHz PA with 29.2% PAE operating at weak avalance area in SiGe,SiGe,,60.0,15.7,29.2,PAE,14.0,,13.5,,,,,,,,
260,2013.0,,Glisic,A high-efficiency PA with peak PAE of 32.9% and 12.7dBm P1dB for 60GHz beamforming applications in SiGe,SiGe,,60.0,13.2,26.5,PAE,10.9,,16.9,,,,,,,,
261,2019.0,,Nawaz,A 28/60GHz Dual-band Power Amplifier,SiGe,,60.0,17.2,21,PAE,,,11.8,,,,,,,,
262,2020.0,,Nawaz,A 28/60 GHz Dual-band Power Amplifier,SiGe,Dual band,60.0,17.2,21,PAE,,,11.8,,,,,,,Analog,130nm SiGe
263,2020.0,5.0,Nawaz,A 28-/60-GHz Band-Switchable Bidirectional Amplifier for Reconfigurable mm-Wave Transceivers,SiGe,,60.0,16,15.2,PAE,7.2,7.4,14.7,,-33.979400086720375,50,,,"64QAM, PAPR=7.6",Analog,130nm SiGe
264,2021.0,6.0,Liu,A 60 GHz Edge-Coupled 4-Way Balun Power Amplifier with 22.7 dBm Output Power and 27.7% Peak Efficiency ,SiGe,43-67,60.0,22.7,27.7,PAE,21.6,23.5,20.0,IEEE802.1108 MCS9,-14.5,,18.1,,,,180NM
265,2021.0,6.0,Liu,A 60 GHz Edge-Coupled 4-Way Balun Power Amplifier with 22.7 dBm Output Power and 27.7% Peak Efficiency ,SiGe,43-67,60.0,22.7,27.7,PAE,21.6,23.5,20.0,IEEE802.1108 MCS12,-21.8,,15.2,,,,180NM
266,2021.0,1.0,John D. Cressler,A 60-GHz SiGe Power Amplifier With Three-Conductor Transmission-Line-Based Wilkinson Baluns and Asymmetric Directional Couplers,SiGe,,60.0,24.4,14.2,PAE,23.9,12.5,17.3,,,,,,,,90nm
267,2008.0,3.0,Do,A 60GHz SiGe-HBT power amplifier with 20% PAE at 15dBm output power,SiGe,,61.0,15.5,19.7,PAE,14.5,,18.8,,,,,,,,
268,2016.0,,Yishay,A 21dBm 60GHz SiGe power amplifier using modified Wilkinson combiner,SiGe,,61.0,21.3,14.4,PAE,19.2,,27.5,,,,,,,,
269,2020.0,12.0,Kiat Seng Yeo,A 60 GHz 8-Way Combined Power Amplifier in 0.18 μm SiGe BiCMOS,SiGe,53.5-66.5,61.0,22.6,12,PAE,21.8,10.7,22.2,16QAM,-21.3,4000,16.1,,16QAM,,180NM
270,2020.0,12.0,Kiat Seng Yeo,A 60 GHz 8-Way Combined Power Amplifier in 0.18 μm SiGe BiCMOS,SiGe,53.5-66.5,61.0,22.6,12,PAE,21.8,10.7,22.2,64QAM,-24.8,6000,14.6,,64QAM,,180NM
271,2020.0,12.0,Kiat Seng Yeo,A 60 GHz 8-Way Combined Power Amplifier in 0.18 μm SiGe BiCMOS,SiGe,53.5-66.5,61.0,22.6,12,PAE,21.8,10.7,22.2,IEEE 802.11ad MCS-9,-15,,19.8,,IEEE 802.11ad MCS-9,,180NM
272,2020.0,12.0,Kiat Seng Yeo,A 60 GHz 8-Way Combined Power Amplifier in 0.18 μm SiGe BiCMOS,SiGe,53.5-66.5,61.0,22.6,12,PAE,21.8,10.7,22.2,EEE 802.11ad MCS-12.,-22.6,,15.5,,EEE 802.11ad MCS-12.,,180NM
273,2022.0,6.0,Batuhan Sutbas,Low-Power Ka- and V-Band Miller Compensated Amplifiers in 130-nm SiGe BiCMOS Technology,SiGe,,61.0,12,27,PAE,9.8,26.0,12.5,,,,,,,,130nm
274,2004.0,,Pfeiffer,A 77GHz SiGe power amplifier for potential applications in automotive radar systems,SiGe,,61.5,16.2,3,PAE,11.2,,10.8,,,,,,,,
275,2012.0,4.0,Grujic,60GHz SiGe:c HBT power amplifier with 17.4dBm output power and 16.3% PAE,SiGe,,61.5,17.4,16.3,PAE,12.2,,14.2,,,,,,,,
276,2019.0,,Ferchichi,60-GHz SiGe-BiCMOS Power Amplifier With 14.7 dBm Output Power and 18 dB Power Gain,SiGe,,61.5,14.7,11,PAE,12.0,,18.0,,,,,,,Analog,130nm SiGe
277,2012.0,9.0,Zhao,A wideband dual-path millimetter-wave power amplifier with 20dBm output power and PAE above 15% in 130nm SiGe BiCMOS,SiGe,,62.0,20.1,18,PAE,19.7,,20.6,,,,,,,,
278,2017.0,5.0,Greene,A 60-GHz Dual-Vector Doherty Beamformer,SiGe,,62.0,17.5,23.7,PAE,17.1,23.7,19.0,,,,,,,,
279,2022.0,9.0,Emir Ali Karahan,A Compact SiGe Stacked Common-Base Dual-Band PA With 20/18.8 dBm P sat at 36/64 GHz Supporting Concurrent Modulation,SiGe,,64.0,18.8,22.5,PAE,12.0,11.0,16.0,,-26,4500,7.8,8.9,32QAM,,90nm SiGe
280,2021.0,6.0,Kaushik Sengupta,A 44 To 64 GHz Broadband 90° Hybrid Doherty PA With Quasi Non-Foster Tuner in 0.13 μm SiGe,SiGe,,64.0,19,29,PAE,,,11.0,54GHz,-28.3,6000,14.6,16,64QAM,,130nm
281,2022.0,6.0,Zheng Liu,A Compact SiGe Stacked Common-Base Dual-Band PA With 20/18.8 dBm Psat at 36/64 GHz Supporting Concurrent Modulation,SiGe,36-64,64.0,18.8,22.5,PAE,10.0,6.0,16.0,,-26,4500,7.8,8.9,32QAM,,90nm
282,2009.0,,Demirel,59-71GHz wideband MMIC balanced power amplifier in a 0.13um SiGe technology,SiGe,,65.0,18.09,7,PAE,15.4,,21.0,,,,,,,,
283,2009.0,,Demirel,59-71GHz wideband MMIC balanced power amplifier in a 0.13um SiGe technology,SiGe,,65.0,18,7.8,PAE,14.5,,20.5,,,,,,,,
284,2017.0,12.0,Pepe,1.29 W/mm2 23-dBm 66-GHz Power Amplifier in 55nm SiGe BiCMOS with In-Line coplanar transformer power splitters and combiner,SiGe,,66.0,23.4,12.5,PAE,20.0,,23.8,,,,,,,,
285,2022.0,9.0,Emir Ali Karahan,"Deep Learning-Enabled Inverse Design of 30–94 GHz P sat,3 dB SiGe PA Supporting Concurrent Multiband Operation at Multi-Gb/s",SiGe,,66.0,17.7,20,PAE,15.8,16.0,12.5,Carrier 60GHz,-25.2,4500,11.7,11.2,64QAM,,90nm SiGe
286,2022.0,6.0,Zheng Liu,"Deep Learning-Enabled Inverse Design of 30–94 GHz Psat,3dB SiGe PA Supporting Concurrent Multiband Operation at Multi-Gb/s",SiGe,,66.0,17.7,20,PAE,15.8,,12.0,,,,,,,,90nm
287,2015.0,,Wang,V-band high gain SiGe power amplifier with wideband ESD protechtion,SiGe,,67.0,8.4,6.3,PAE,,,25.3,,,,,,,,
288,2018.0,,Wagner,An 8-way combined E-band power amplifier with 24dBm Psat and 12% PAE in 0.12um SiGe,SiGe,,70.0,24,12,PAE,,,22.0,,-28,,,,,,
289,2018.0,,Wagner,An 8-way combined E-band power amplifier with 24dBm Psat and 12% PAE in 0.12um SiGe,SiGe,,70.0,16.1,16.5,PAE,,,25.0,,,,,,,,
290,2019.0,4.0,Wagner,Single and Power-Combined Linear E-Band Power Amplifiers in 0.12- μ m SiGe With 19-dBm Average Power 1-GBaud 64-QAM Modulated Waveforms,SiGe,,70.0,24,12,PAE,21.0,,22.0,,-24,1000,20.0,5,64QAM,,
291,2019.0,4.0,Wagner,Single and Power-Combined Linear E-Band Power Amplifiers in 0.12- μ m SiGe With 19-dBm Average Power 1-GBaud 64-QAM Modulated Waveforms,SiGe,,70.0,16.1,16.5,PAE,13.2,,25.0,,,,,,,,
292,2019.0,4.0,Wagner,Single and Power-Combined Linear E-Band Power Amplifiers in 0.12- μ m SiGe With 19-dBm Average Power 1-GBaud 64-QAM Modulated Waveforms,SiGe,,70.0,19.5,11,PAE,14.5,,18.5,,,,,,,,
293,2016.0,7.0,Lin,70-80GHz SiGe Amplifier with peak output power of 27.3dBm,SiGe,,76.0,16.2,10.7,PAE,12.2,,22.0,,,,,,,,
294,2016.0,7.0,Lin,70-80GHz SiGe Amplifier with peak output power of 27.3dBm,SiGe,,76.0,24,11.6,PAE,21.3,,21.2,,,,,,,,
295,2016.0,7.0,Lin,70-80GHz SiGe Amplifier with peak output power of 27.3dBm,SiGe,,76.0,27.3,12.4,PAE,22.3,,19.3,,,,,,,,
296,2004.0,,Pfeiffer,A 77GHz SiGe power amplifier for potential applications in automotive radar systems,SiGe,,77.0,12.5,2.5,PAE,11.6,,6.1,,,,,,,,
297,2006.0,8.0,Komijani,Wideband 77GHz 17.5dBm Fully integrated power amplifier in silicon,SiGe,,77.0,17.5,12.8,PAE,14.5,10.5,17.0,,,,,,,,
298,2008.0,5.0,Nicolson,A low-voltage SiGe BiCMOS 77-GHz automotive radar chipset,SiGe,,77.0,14.5,15.7,PAE,,,19.0,,,,,,,,
299,2010.0,,Yishay,A high gain wideband 77GHz SiGe power amplifier,SiGe,,77.0,16,12.5,PAE,14.6,,19.0,,,,,,,,
300,2011.0,11.0,Giammello,A 15-dBm SiGe BiCMOS PA for 77-GHz Automotive Radar,SiGe,,77.0,15,7.5,PAE,,,22.5,,,,,,,,
301,2012.0,6.0,Giammello,A Transformer-coupling current-reuse SiGe HBT power amplifier for 77-GHz automotive radar,SiGe,,77.0,14.5,9,PAE,9.0,,25.0,,,,,,,,
302,2013.0,4.0,Chen,An 83-GHz High-Gain SiGe BiCMOS Power Amplifier using Transmission-Line Current-Combining Technique,SiGe,,77.0,14.2,7.3,PAE,12.1,,22.0,,,,,,,,
303,2013.0,2.0,Thian,A 76-84GHz SiGe Power Amplifier array employing low-loss four-way differential combining transformer,SiGe,,78.0,14,2,PAE,12.5,,18.3,,,,,,,,
304,2017.0,,Li,A W-band power amplifier with LC balun in 0.13um SiGe BiCMOS process,SiGe,,78.0,14.2,8,PAE,11.9,,17.4,,,,,,,,
305,2022.0,9.0,Emir Ali Karahan,"Deep Learning-Enabled Inverse Design of 30–94 GHz P sat,3 dB SiGe PA Supporting Concurrent Multiband Operation at Multi-Gb/s",SiGe,,78.0,18.4,21.9,PAE,17.8,,8.0,Carrier 66GHz,-23.6,4500,11.5,10.5,64QAM,,90nm SiGe
306,2022.0,6.0,Zheng Liu,"Deep Learning-Enabled Inverse Design of 30–94 GHz Psat,3dB SiGe PA Supporting Concurrent Multiband Operation at Multi-Gb/s",SiGe,,78.0,18.4,21.9,PAE,17.8,,9.0,,,,,,,,90nm
307,2021.0,,Dinc,Doubly-Tuned Transformer-Based Class-E Power Amplifiers in 130nm BiCMOS for mmWave Radar Sensors,SiGe,,79.0,17,32.6,PAE,16.9,32.4,10.0,,,,,,,,
308,2021.0,,Dinc,Doubly-Tuned Transformer-Based Class-E Power Amplifiers in 130nm BiCMOS for mmWave Radar Sensors,SiGe,,79.0,17,30.5,PAE,15.8,26.2,14.0,,,,,,,,
309,2014.0,12.0,Ojefors,An 8-way combine E-band amplifier in a SiGe HBT Technology,SiGe,,80.0,22,8.4,PAE,20.0,,28.0,,,,,,,,
310,2014.0,12.0,Ojefors,An 8-way combine E-band amplifier in a SiGe HBT Technology,SiGe,,80.0,19,8.4,PAE,17.0,,28.0,,,,,,,,
311,2017.0,3.0,Zhao,A SiGe BiCMOS E-band Power Amplifier with 22% PAE at 18dBm OP1dB and 8.5% at 6dB back-oof leveraging current clamping in a common-base stage,SiGe,,80.0,19,23,PAE,18.0,22.0,21.0,,,,,,,,
312,2013.0,11.0,Wu,A Q-band/W-band dual-band power amplfier in 0.12um SiGe BiCMOS process,SiGe,,82.0,8,2.3,PAE,,,5.0,,,,,,,,
313,2014.0,12.0,Furqan,A SiGe-based E-band power amplifier with 17.7dBm output power and 325-GHz GBW,SiGe,,82.0,17.7,14.8,PAE,15.5,,23.0,,,,,,,,
314,2013.0,4.0,Chen,An 83-GHz High-Gain SiGe BiCMOS Power Amplifier using Transmission-Line Current-Combining Technique,SiGe,,83.0,14.7,8.1,PAE,12.5,,25.0,,,,,,,,
315,2015.0,12.0,Furqan,An E-band SiGe power amplifier with 28dB gain and 19.2dBm output power utilizing an on-chip differential power combiner,SiGe,,83.0,19.2,11,PAE,17.0,,28.0,,,,,,,,
316,2016.0,7.0,Datta,75-105GHz switching power amplifiers using high-breakdown high-fmax multi-port stacked transistor topologies,SiGe,,83.0,23.2,17.1,PAE,,,18.7,,,,,,,,
317,2019.0,5.0,Rio,"A Compact, Wideband, and Temperature Robust 67-90-GHz SiGe Power Amplifier With 30% PAE",SiGe,,83.0,18.6,30.7,PAE,13.6,,15.3,,,,,,,,
318,2011.0,11.0,Zhao,A 18dBm 79-87.5GHz bandwidth power amplifier in 0.13um SiGe-BiCMOS,SiGe,,84.0,18,9,PAE,16.0,,27.0,,,,,,,,
319,2012.0,9.0,Zhao,A wideband dual-path millimetter-wave power amplifier with 20dBm output power and PAE above 15% in 130nm SiGe BiCMOS,SiGe,,84.0,18,9,PAE,16.0,,27.0,,,,,,,,
320,2006.0,9.0,Afshari ,Electrical funnel: A broadband signal combining method,SiGe,,85.0,21,3.4,DE,,,,,,,,,,,
321,2013.0,12.0,Fuqan,A SiGe-based high-gain power amplifier for E-band communication systems,SiGe,,85.0,16.6,11.8,PAE,14.6,,32.0,,,,,,,,
322,2016.0,7.0,Datta,75-105GHz switching power amplifiers using high-breakdown high-fmax multi-port stacked transistor topologies,SiGe,,85.0,22,19.1,PAE,,,17.0,,,,,,,,
323,2017.0,5.0,Datta,High-Breakdown High Fmax Multiport stacked-transistor,SiGe,,85.0,22,19.5,PAE,,,17.0,,,,,,,,
324,2014.0,12.0,Chi,A low-power and ultra-compact W-band transmitter front-end in 90nm SiGe BiCMOS technology,SiGe,,87.0,7.2,13.3,DE,,,,,,,,,,,
325,2016.0,7.0,Datta,75-105GHz switching power amplifiers using high-breakdown high-fmax multi-port stacked transistor topologies,SiGe,,88.0,19.5,15.9,PAE,,,15.0,,,,,,,,
326,2022.0,6.0,Liu,"Deep Learning-Enabled Inverse Design of 30–94 GHz P sat,3 dB SiGe PA Supporting Concurrent Multiband Operation at Multi-Gb/s",SiGe,,88.0,17.4,17.6,PAE,15.6,,9.5,Carrier 88GHz,-27,2400,10.55,8.3,64QAM,,90nm SiGe
327,2022.0,6.0,Liu,"Deep Learning-Enabled Inverse Design of 30–94 GHz Psat,3dB SiGe PA Supporting Concurrent Multiband Operation at Multi-Gb/s",SiGe,,88.0,17.4,17.6,PAE,15.6,,10.0,,,,,,,,90nm
328,2008.0,10.0,Chang,A wideband high-efficiency 79-97GHz SiGe linear power amplifier with >> 90mW output,SiGe,,90.0,17.7,13.5,PAE,14.9,,14.1,,,,,,,,
329,2008.0,10.0,Chang,A wideband high-efficiency 79-97GHz SiGe linear power amplifier with >> 90mW output,SiGe,,90.0,18.6,13.5,PAE,16.0,,14.3,,,,,,,,
330,2008.0,10.0,Chang,A wideband high-efficiency 79-97GHz SiGe linear power amplifier with >> 90mW output,SiGe,,90.0,19.3,14.9,PAE,17.0,,13.2,,,,,,,,
331,2008.0,10.0,Chang,A wideband high-efficiency 79-97GHz SiGe linear power amplifier with >> 90mW output,SiGe,,90.0,19.6,15.4,PAE,18.8,,10.6,,,,,,,,
332,2013.0,4.0,Chen,An 83-GHz High-Gain SiGe BiCMOS Power Amplifier using Transmission-Line Current-Combining Technique,SiGe,,90.0,13.5,6.2,PAE,11.2,,17.0,,,,,,,,
333,2017.0,10.0,Chappidi,A W-band SiGe Power Amplifier with Psat of 23dBm and PAE of 16.8% at 95GHz,SiGe,,92.0,23.4,16.8,PAE,20.2,,,,,,,,,,
334,2015.0,10.0,Song,A class-E tuned W-band SiGe Power amplifier with 40.4% power-added efficiency at 93GHz,SiGe,,93.0,19.3,37.9,PAE,18.4,,11.4,,,,,,,,
335,2015.0,10.0,Song,A class-E tuned W-band SiGe Power amplifier with 40.4% power-added efficiency at 93GHz,SiGe,,93.0,17.7,40.4,PAE,16.7,,10.3,,,,,,,,
336,2022.0,6.0,Liu,"Deep Learning-Enabled Inverse Design of 30–94 GHz P sat,3 dB SiGe PA Supporting Concurrent Multiband Operation at Multi-Gb/s",SiGe,,94.0,16.7,14.5,PAE,15.5,,9.5,Carrier 66GHz,-23.8,2500,9.1,10.7,32QAM,,90nm SiGe
337,2022.0,6.0,Liu,"Deep Learning-Enabled Inverse Design of 30–94 GHz Psat,3dB SiGe PA Supporting Concurrent Multiband Operation at Multi-Gb/s",SiGe,,94.0,16.7,14.5,PAE,15.5,,9.5,,,,,,,,90nm
338,2017.0,10.0,Chappidi,A W-band SiGe Power Amplifier with Psat of 23dBm and PAE of 16.8% at 95GHz,SiGe,,95.0,23,16.8,PAE,19.5,,15.0,,,,,,,,
339,2018.0,1.0,Chappidi,Globally Optimal matching networks with lossy passives and efficiency bounds,SiGe,,95.0,23,16.8,PAE,19.5,,15.0,,,,,,,,
340,2010.0,12.0,Kalantari,A 91 to 110GHz tapered constructive wave power amplifier in a 0.12um SiGe BiCMOS process,SiGe,,98.0,5.9,7.2,PAE,4.9,,12.5,,,,,,,,
341,2018.0,7.0,Hou,A W-band Balanced power amplifier using broadside coupled strip-line coupler in SiGe BiCMOS 0.13um technology,SiGe,,100.0,16.3,14.1,PAE,,,14.5,,,,,,,,
342,2020.0,6.0,Han,A Sandwiched-Slab-Transformer-Based SiGe Power Amplifier Operating at W- and D-Bands,SiGe,,100.0,19.8,8.8,PAE,16.6,,18.0,,,,,,,,
343,2021.0,1.0,Karakuzulu,A Broadband 110–170-GHz Stagger-Tuned Power Amplifier With 13.5-dBm Psat in 130-nm SiGe,SiGe,,110.0,13.9,5.1,PAE,12.5,,21.0,,,,,,,,
344,2022.0,3.0,Li,A 110-to-130GHz SiGe BiCMOS Doherty Power Amplifier With Slotline-Based Power-Combining Technique Achieving >22dBm Saturated Output Power and >10% Power Back-off Efficiency,SiGe,110-130,110.0,22.7,18.7,PAE,17.0,14.0,20.0,131,10.9,4800,13.8,7.9,64QAM,,130nm
345,2014.0,12.0,Lin,A 110-134-GHz SiGe Amplifier with peak output power of 100-120mW,SiGe,,116.0,20.8,7.6,PAE,17.0,,15.0,,,,,,,,
346,2014.0,12.0,Lin,A 110-134-GHz SiGe Amplifier with peak output power of 100-120mW,SiGe,,116.0,13.8,11.6,PAE,11.0,,20.0,,,,,,,,
347,2014.0,12.0,Lin,A 110-134-GHz SiGe Amplifier with peak output power of 100-120mW,SiGe,,116.0,17,12.5,PAE,12.5,,20.0,,,,,,,,
348,2014.0,12.0,Yishay,A 17.5dBm D-band power amplifier and doubler chain in SiGe BiCMOS technology,SiGe,,120.0,17.5,3.6,PAE,13.3,,25.5,,,,,,,,
349,2015.0,11.0,Yishay,A 17.8dBm 110-130GHz power amplifier and doubler chain in SiGe BiCMOS technology,SiGe,,120.0,17.8,4.3,PAE,13.5,,32.0,,,,,,,,
350,2015.0,11.0,Daneshgar ,A 22dBm 0.6mm2 D-band SiGe HBT power amplifier using series power combining sub-quarter-wavelength baluns,SiGe,,120.0,22,3.6,PAE,,,7.7,,,,,,,,
351,2017.0,12.0,Bao,A 100-145GHz area-efficienct power amplifier in a 130nm SiGe technology,SiGe,,120.0,15.5,6.4,PAE,,,19.0,,,,,,,,
352,2017.0,12.0,Kucharski ,A 109-137GHz power amplfier in SiGe BiCMOS with 16.5dBm output power and 12.8% PAE,SiGe,,120.0,16.5,12.8,PAE,,,26.5,,,,,,,,
353,2021.0,11.0,Rao,A D-band SiGe Power Amplifier Using a 4-way Coupled Line Wilkinson Combiner,SiGe,,120.0,21.9,12.5,PAE,,,18.2,,,,,,,,
354,2022.0,3.0,Xingcun Li,A 110-to-130GHz SiGe BiCMOS Doherty Power Amplifier With Slotline-Based Power-Combining Technique Achieving >22dBm Saturated Output Power and >10% Power Back-off Efficiency,SiGe,,120.0,22.6,17.2,PAE,16.5,11.5,20.0,131.5,11.6,1800,13.7,7.8,16QAM,,130nm
355,2020.0,12.0,Ali,Wideband 4-Way Combined Power Amplifier in BiCMOS Technology for D-Band Applications,SiGe BiCMOS,120-180,126.0,17.5,5,PAE,13.0,3.0,29.5,,,,,,,,BiCMOS130
356,2012.0,4.0,Hou,A D-band cascode amplifier with 24.3dB gain and 7.7 dBm output power in 0.13um SiGe BiCMOS techonology,SiGe,,130.0,7.7,6.8,PAE,,,24.3,,,,,,,,
357,2021.0,7.0,John D. Cressler,A D-Band SiGe Power Amplifier Using a Four-Way Coupled-Line Wilkinson Combiner,SiGe,110-145,130.0,21.9,12.5,PAE,18.6,6.0,18.2,,,,,,,,90nm SiGe
358,2022.0,3.0,Xingcun Li,A 110-to-130GHz SiGe BiCMOS Doherty Power Amplifier With Slotline-Based Power-Combining Technique Achieving >22dBm Saturated Output Power and >10% Power Back-off Efficiency,SiGe,,130.0,22.4,16.1,PAE,11.0,6.0,20.0,,,,,,,,130nm
359,2020.0,7.0,Han ,A Sandwiched-Slab-Transformer-Based SiGe Power Amplifier Operating at W- and D-Bands,SiGe,,133.0,19.3,8.8,PAE,16.6,,18.0,,,,,,,,
360,2021.0,1.0,Andrea Mazzanti,D-Band SiGe BiCMOS Power Amplifier With 16.8dBm P₁dB and 17.1% PAE Enhanced by Current-Clamping in Multiple Common-Base Stages,SiGe,,135.0,17.6,17.5,PAE,16.8,17.1,24.0,,,,,,,,55nm
361,2021.0,1.0,Andrea Mazzanti,D-Band SiGe BiCMOS Power Amplifier With 16.8dBm P₁dB and 17.1% PAE Enhanced by Current-Clamping in Multiple Common-Base Stages,SiGe,,135.0,19.3,13,PAE,18.5,12.6,22.4,,,,,,,,55nm
362,2022.0,6.0,G. Amendola,SiGe BiCMOS Building Blocks for E- and D-Band Backhauling Front-Ends,SiGe BiCMOS,,135.0,17.5,18,PAE,16.8,17.1,24.0,,,,,,,,BiCMOS055
363,2020.0,12.0,Ali,Wideband 4-Way Combined Power Amplifier in BiCMOS Technology for D-Band Applications,SiGe BiCMOS,120-180,140.0,18.5,7,PAE,14.5,3.0,28.5,,,,,,,,BiCMOS130
364,2017.0,2.0,Furqan,A 15.5dBm 160GHz high-gain power amplfier in SiGe BiCMOS technology,SiGe,,160.0,14,5.7,PAE,,,27.0,,,,,,,,
365,2020.0,12.0,Ali,Wideband 4-Way Combined Power Amplifier in BiCMOS Technology for D-Band Applications,SiGe BiCMOS,120-180,160.0,18.25,7,PAE,14.0,3.0,27.8,,,,,,,,BiCMOS130
366,2021.0,9.0,Xingcun Li,A High-Efficiency 142–182-GHz SiGe BiCMOS Power Amplifier With Broadband Slotline-Based Power Combining Technique,SiGe,140-220,161.0,18.1,12.4,PAE,14.5,11.0,30.7,,,,,,,,130nm
367,2021.0,1.0,Karakuzulu,A Broadband 110–170-GHz Stagger-Tuned Power Amplifier With 13.5-dBm Psat in 130-nm SiGe,SiGe,,170.0,11.8,5.1,PAE,9.2,,20.0,,,,,,,,
368,2018.0,1.0,Khatibi,A 173 GHz Amplifier With a 18.5 dB Power Gain in a 130 nm SiGe Process: A Systematic Design of High-Gain Amplifiers Above fmax/2,SiGe,,173.0,0.9,3,DE,,,18.5,,,,,,,,
369,2020.0,4.0,Starke,"High-Linearity 19-dB Power Amplifier for 140–220 GHz, Saturated at 15 dBm, in 130-nm SiGe",SiGe,140-220,180.0,15,3.5,PAE,13.0,2.3,19.0,,,,,,,,
370,2020.0,12.0,Ali,Wideband 4-Way Combined Power Amplifier in BiCMOS Technology for D-Band Applications,SiGe BiCMOS,120-180,180.0,17.5,6,PAE,13.5,3.0,28.5,,,,,,,,BiCMOS130
371,2018.0,4.0,Khatibi,A 183 GHz Desensitized Unbalanced Cascode Amplifier With 9.5-dB Power Gain and 10-GHz Band Width and −2 dBm Saturation Power,SiGe,,183.0,-2.8,1.7,DE,,,9.5,,,,,,,,
372,2016.0,10.0,Sarmah,A 200-225GHz SiGe power amplifier with peak Psat of 9.6dBm using wideband power combination,SiGe,,215.0,9.6,0.5,PAE,,,25.0,,,,,,,,
373,2021.0,10.0,Li,A 220-GHz Power Amplifier With 22.5-dB Gain and 9-dBm Psat in 130-nm SiGe,SiGe,204-239,220.0,9.5,2.96,PAE,6.0,1.6,22.5,,,,,,,,
374,2019.0,3.0,Eissa,A 13.5dBm Fully Integrated 200-to-255GHz Power Amplifier with a 4-Way Power Combiner in SiGe:C BiCMOS,SiGe,,230.0,12,2.14,PAE,9.0,1.0,12.5,,,,,,,,
375,2021.0,8.0,LI,A 230-GHz SiGe Amplifier With 21.8-dB Gain and 3-dBm Output Power for Sub-THz Receivers,SiGe,,230.0,,,,1.2,,21.8,,,,,,,,
376,2022.0,1.0,Li,A 250-310 GHz Power Amplifier With 15-dB Peak Gain in 130-nm SiGe BiCMOS Process for Terahertz Wireless System,SiGe,250-310,260.0,3.2,0.75,PAE,1.9,0.6,16.0,,,,,,,,
377,2022.0,1.0,Li,A 250-310 GHz Power Amplifier With 15-dB Peak Gain in 130-nm SiGe BiCMOS Process for Terahertz Wireless System,SiGe,250-310,290.0,5,1.19,PAE,3.3,0.8,17.5,,,,,,,,
378,2022.0,1.0,Li,A 250-310 GHz Power Amplifier With 15-dB Peak Gain in 130-nm SiGe BiCMOS Process for Terahertz Wireless System,SiGe,250-310,300.0,4,0.9,PAE,0.6,0.4,17.5,,,,,,,,
379,2005.0,6.0,Rippke,A single-chip variable supply voltage power amplifier,SiGe,,,26,45,PAE,21.0,22.0,31.2,,,,21.0,,W-CDMA,,SiGe BiCMOS
380,2008.0,2.0,Scuderi,Balanced SiGe PA Module for Multi-Band and Multi-Mode Cellular-Phone Applications,SiGe,,,,,,,,,,,,34.0,58,CDMA/W-CDMA (1.8/1.9/2.1GHz),,0.25um SiGe
381,2008.0,2.0,Scuderi,Balanced SiGe PA Module for Multi-Band and Multi-Mode Cellular-Phone Applications,SiGe,,,,,,,,,,,,35.8,66,CDMA/W-CDMA (0.85/0.9GHz),,0.25um SiGe
382,2016.0,1.0,Lee,A SiGe BiCMOS Power Amplifier Using a Lumped Element-Based Impedance Tuner,SiGe,1.71-1.98,1.71,26,23,PAE ,,,20.0,,-29.6 - -27.96,,26.0,23-25.3,"LTE (10 MHz, 16-QAM)",,0.35 μm SiGe BiCMOS
383,2016.0,1.0,Lee,A SiGe BiCMOS Power Amplifier Using a Lumped Element-Based Impedance Tuner,SiGe,1.71-1.98,1.198,26,25.3,PAE,,,20.0,,,,,,,,
384,2022.0,9.0,Ding,A 28/38 GHz Dual-Band Power Amplifier for 5G Communication,SiGe/C BiCMOS,,28.0,18.8,25,PAE,17.8,24.2,25.7,,-26.02,400,7.5,4.3,64-QAM,analog,0.25um
385,2022.0,9.0,Ding,A 28/38 GHz Dual-Band Power Amplifier for 5G Communication,SiGe/C BiCMOS,,38.0,17,17.5,PAE,15.8,15.9,21.4,,-26.09,400,6.9,3.7,64-QAM,analog,0.25um
386,2022.0,8.0,Liu,A 44–64-GHz mmWave Broadband Linear Doherty PA in Silicon With Quadrature Hybrid Combiner and Non-Foster Impedance Tuner,SiGe,44-64,50.0,21.5,29,PAE,20.5,,18.5,,-26.5,1000,14.6,16,64-QAM,analog,130nm
387,2022.0,10.0,Roev,A Wideband mm-Wave Watt-Level Spatial Power-Combined Power Amplifier With 26% PAE in SiGe BiCMOS Technology,Semi SiGe BiCMOS (last stage power combining not on SiGe),,28.0,30.8,26.7,PAE,29.7,25.1,13.9,,-28.2,400,21.8,8.4,64-QAM,analog,0.25um
388,2022.0,,Gao,A 24-30 GHz Broadband Doherty PA with a maximum 15.37 dBm Pavg and 14.6% PAEavg in 0.13 μm SiGe for 400 MHz BW 5G NR,SiGe,,27.0,23.6,25.5,PAE,23.3,25.0,19.0,,-26,400,15.37,13.8,64-QAM,analog,130nm
389,2022.0,,Fumagalli,20 GHz LNA and 29 GHz PA on SiGe BiCMOS technology for SatCom phased array systems,SiGe,,27.0,15.5,,PAE,14.7,38.8,28.0,,,,,,,analog,130nm
390,2022.0,,Liu,"A 30–97 GHz Psat,3dB Broadband PA with 18.5-21.5dBm Psat and 18-26% PAE in 90nm SiGe Supporting Concurrent Multi-Band Operation",SiGe,30-97,30.0,20.1,17.7,PAE,18.0,16.0,9.0,,,,,,,analog,90nm
391,2022.0,,Liu,"A 30–97 GHz Psat,3dB Broadband PA with 18.5-21.5dBm Psat and 18-26% PAE in 90nm SiGe Supporting Concurrent Multi-Band Operation",SiGe,30-97,40.0,20.8,23,PAE,20.5,22.0,9.5,,-26.8,750,16.9,15.2,64-QAM,analog,90nm
392,2022.0,,Liu,"A 30–97 GHz Psat,3dB Broadband PA with 18.5-21.5dBm Psat and 18-26% PAE in 90nm SiGe Supporting Concurrent Multi-Band Operation",SiGe,30-97,50.0,21.2,25.4,PAE,20.0,22.5,10.5,,-26.4,750,16.9,16.3,64-QAM,analog,90nm
393,2022.0,,Gao,A 28 GHz Doherty PA with 22.9% PAEmax and 17.4% PAE at 6-dB PBO in 0.13μm SiGe Technology for 5G Application,SiGe,,28.0,22.55,22.9,PAE,22.4,21.5,19.1,,-26,200,16.28,16,64-QAM,analog,130nm
394,2022.0,,Kamidaki,A 24–30 GHz Power Amplifier with >20 dBm Psat and <0.1 dB AM-AM Distortion for 5G Applications,SiGe,,28.0,20.6,25.6,PAE,18.6,20.0,29.3,,-25,400,12.3,8.8,64-QAM,analog,130nm
395,2023.0,2.0,Chen,A Wideband Balanced Amplifier Using Edge-Coupled Quadrature Couplers in 0.13-μm SiGe HBT Technology,SiGe,20-40,25.0,18,20,PAE,14.0,15.0,19.8,,-25,200,10.1,9.2,64-QAM,analog,130nm
396,2023.0,2.0,Chen,A Wideband Balanced Amplifier Using Edge-Coupled Quadrature Couplers in 0.13-μm SiGe HBT Technology,SiGe,20-40,35.0,15.8,16.8,PAE,14.0,14.0,17.4,,-25,200,10.7,9.4,64-QAM,analog,130nm
397,2023.0,4.0,Li,A K-Band Broadband Power Amplifier With 15.7 dBm Power and 30.4% PAE in 0.13 μm CMOS,SiGe,,24.0,15.7,30.4,PAE,12.1,15.8,17.5,,-23.2,250,10.6,11.9,64-QAM,analog,130nm
398,2022.0,7.0,Bucher,A Broadband 300 GHz Power Amplifier in a 130 nm SiGe BiCMOS Technology for Communication Applications,SiGe BiCMOS,239-302,270.0,7,1.3,PAE,5.0,0.95,19.0,,,,,,,,
399,2023.0,3.0,Najmussadat ,220-240-GHz High-Gain Phase Shifter Chain and Power Amplifier for Scalable Large Phased-Arrays,SiGe BiCMOS,240-251,244.0,7.15,,PAE,4.1,0.5,21.0,,,,,,,,130nm
400,2023.0,2.0,Yu,A 211-to-263-GHz Dual-LC-Tank-Based Broadband Power Amplifier With 14.7-dBm PSAT and 16.4-dB Peak Gain in 130-nm SiGe BiCMOS,SiGe BiCMOS,211-263,220.0,14.7,3.13,PAE,11.5,1.6,16.4,,,,,,,,130nm
401,2022.0,12.0,Wan,A Broadband SiGe HBT Cascode Power Amplifier Achieving Watt-Level Peak Output Power With 38.6% PAE and 90.9% Large-Signal Fractional Bandwidth,SiGe BiCMOS,5.4-13.8,9.6,30.1,38.6,PAE,7.5,,27.8,,,,,,,,130nm
402,2022.0,10.0,Li,A 110-to-130 GHz SiGe BiCMOS Doherty Power Amplifier With a Slotline-Based Power Combiner,SiGe BiCMOS,107-135,110.0,22.7,18.7,PAE,19.0,16.0,21.8,131,-19.251470041187527,800,13.8,7.93,64-QAM,analog,130nm
403,2022.0,10.0,Li,A 110-to-130 GHz SiGe BiCMOS Doherty Power Amplifier With a Slotline-Based Power Combiner,SiGe BiCMOS,107-135,120.0,22.6,17.2,PAE,20.0,17.0,21.8,131,-18.71084021546163,2000,13.74,7.88,64-QAM,analog,130nm
404,2022.0,10.0,Li,A 110-to-130 GHz SiGe BiCMOS Doherty Power Amplifier With a Slotline-Based Power Combiner,SiGe BiCMOS,107-135,130.0,22.4,16.1,PAE,14.0,10.0,21.8,131,-17.958189489763264,1600,12.65,6.33,64-QAM,analog,130nm
405,2022.0,10.0,Li,A 110-to-130 GHz SiGe BiCMOS Doherty Power Amplifier With a Slotline-Based Power Combiner,SiGe BiCMOS,107-135,130.0,22.4,16.1,PAE,14.0,10.0,21.8,131,-18.1315662967553,1600,13.88,8.05,64-QAM,analog,130nm
406,2022.0,10.0,Li,A 110-to-130 GHz SiGe BiCMOS Doherty Power Amplifier With a Slotline-Based Power Combiner,SiGe BiCMOS,107-135,130.0,22.4,16.1,PAE,14.0,10.0,21.8,131.5,-19.093540424266852,2000,12.49,6.1,64-QAM,analog,130nm
407,2022.0,10.0,Li,A 110-to-130 GHz SiGe BiCMOS Doherty Power Amplifier With a Slotline-Based Power Combiner,SiGe BiCMOS,107-135,130.0,22.4,16.1,PAE,14.0,10.0,21.8,131.5,-18.489060772149383,2000,13.76,7.83,64-QAM,analog,130nm
408,2022.0,9.0,Baeyens,A Single-Stage Low-Noise SiGe HBT Distributed Amplifier with 13 dBm Output Power and 20 dB Gain in D-Band and over 170 GHz Bandwidth,SiGe BiCMOS,75-110,150.0,13,,PAE,,,19.0,,,,,,,,130nm
409,2022.0,9.0,Baeyens,A Single-Stage Low-Noise SiGe HBT Distributed Amplifier with 13 dBm Output Power and 20 dB Gain in D-Band and over 170 GHz Bandwidth,SiGe BiCMOS,75-110,150.0,11,,PAE,,,19.0,,,,,,,,130nm
410,2022.0,9.0,Baeyens,A Single-Stage Low-Noise SiGe HBT Distributed Amplifier with 13 dBm Output Power and 20 dB Gain in D-Band and over 170 GHz Bandwidth,SiGe BiCMOS,75-110,100.0,11.5,,PAE,,,13.4,,,,,,,,130nm
411,2022.0,10.0,O'Malley,"A 1-W/mm2, 140-GHz SiGe HBT Power Amplifier using Optimized Embedding Techniques",SiGe BiCMOS,134,134.0,12,10.8,PAE,11.1,9.0,4.9,,,,,,,,90nm
412,2022.0,10.0,O'Malley,"A 1-W/mm2, 140-GHz SiGe HBT Power Amplifier using Optimized Embedding Techniques",SiGe BiCMOS,134,134.0,14.2,8.9,PAE,10.1,6.0,9.3,,,,,,,,90nm
413,2022.0,9.0,Liu,"A 30–97 GHz Psat,3dB Broadband PA with 18.5-21.5dBm Psat and 18-26% PAE in 90nm SiGe Supporting Concurrent Multi-Band Operation",SiGe BiCMOS,30-97,50.0,21.2,25.4,PAE,12.5,20.0,11.0,50,-26.4,750,16.9,16.3,64QAM,analog,90nm
414,2022.0,9.0,Liu,"A 30–97 GHz Psat,3dB Broadband PA with 18.5-21.5dBm Psat and 18-26% PAE in 90nm SiGe Supporting Concurrent Multi-Band Operation",SiGe BiCMOS,30-97,60.0,20.2,24.2,PAE,10.0,10.0,14.0,66,-27.8,750,15.8,15.4,64QAM,analog,90nm
415,2022.0,9.0,Liu,"A 30–97 GHz Psat,3dB Broadband PA with 18.5-21.5dBm Psat and 18-26% PAE in 90nm SiGe Supporting Concurrent Multi-Band Operation",SiGe BiCMOS,30-97,66.0,20,22.5,PAE,11.0,5.0,13.0,,,,,,,,90nm
416,2022.0,9.0,Liu,"A 30–97 GHz Psat,3dB Broadband PA with 18.5-21.5dBm Psat and 18-26% PAE in 90nm SiGe Supporting Concurrent Multi-Band Operation",SiGe BiCMOS,30-97,80.0,20.7,18,PAE,17.0,8.0,8.0,,,,,,,,90nm
417,2022.0,9.0,Liu,"A 30–97 GHz Psat,3dB Broadband PA with 18.5-21.5dBm Psat and 18-26% PAE in 90nm SiGe Supporting Concurrent Multi-Band Operation",SiGe BiCMOS,30-97,90.0,19.2,19.6,PAE,5.0,15.0,12.0,,,,,,,,90nm
418,2022.0,9.0,Liu,"A 30–97 GHz Psat,3dB Broadband PA with 18.5-21.5dBm Psat and 18-26% PAE in 90nm SiGe Supporting Concurrent Multi-Band Operation",SiGe BiCMOS,30-97,96.0,19.5,20,PAE,6.0,5.0,12.0,,,,,,,,90nm
419,2022.0,11.0, Aksoyak,A -Band Power Amplifier With Four-Way Combining in 0.13-μm SiGe,SiGe BiCMOS,,130.0,19.5,10,PAE,14.0,3.5,16.0,,,,,,,,130nm
420,2022.0,5.0,Dinc,High-Efficiency Class-E Power Amplifiers for mmWave Radar Sensors: Design and Implementation,BiCMOS,,79.0,17,30.5,PAE,15.8,26.2,14.0,,,,,,,,130nm
421,2022.0,5.0,Dinc,High-Efficiency Class-E Power Amplifiers for mmWave Radar Sensors: Design and Implementation,BiCMOS,,79.0,17,32.6,PAE,16.9,32.4,7.0,,,,,,,,130nm
422,,,,,,,,,,,,,,,,,,,,,
423,,,,,,,,,,,,,,,,,,,,,
424,,,,,,,,,,,,,,,,,,,,,
425,,,,,,,,,,,,,,,,,,,,,
426,,,,,,,,,,,,,,,,,,,,,
427,,,,,,,,,,,,,,,,,,,,,
428,,,,,,,,,,,,,,,,,,,,,
429,,,,,,,,,,,,,,,,,,,,,
430,,,,,,,,,,,,,,,,,,,,,
431,,,,,,,,,,,,,,,,,,,,,
432,,,,,,,,,,,,,,,,,,,,,
433,,,,,,,,,,,,,,,,,,,,,
434,,,,,,,,,,,,,,,,,,,,,
435,,,,,,,,,,,,,,,,,,,,,
436,,,,,,,,,,,,,,,,,,,,,
437,,,,,,,,,,,,,,,,,,,,,
438,,,,,,,,,,,,,,,,,,,,,
439,,,,,,,,,,,,,,,,,,,,,
440,,,,,,,,,,,,,,,,,,,,,
441,,,,,,,,,,,,,,,,,,,,,
442,,,,,,,,,,,,,,,,,,,,,
443,,,,,,,,,,,,,,,,,,,,,
444,,,,,,,,,,,,,,,,,,,,,
445,,,,,,,,,,,,,,,,,,,,,
446,,,,,,,,,,,,,,,,,,,,,
447,,,,,,,,,,,,,,,,,,,,,
448,,,,,,,,,,,,,,,,,,,,,
449,,,,,,,,,,,,,,,,,,,,,
450,,,,,,,,,,,,,,,,,,,,,
451,,,,,,,,,,,,,,,,,,,,,
452,,,,,,,,,,,,,,,,,,,,,
453,,,,,,,,,,,,,,,,,,,,,
454,,,,,,,,,,,,,,,,,,,,,
455,,,,,,,,,,,,,,,,,,,,,
456,,,,,,,,,,,,,,,,,,,,,
457,,,,,,,,,,,,,,,,,,,,,
458,,,,,,,,,,,,,,,,,,,,,
459,,,,,,,,,,,,,,,,,,,,,
460,,,,,,,,,,,,,,,,,,,,,
461,,,,,,,,,,,,,,,,,,,,,
462,,,,,,,,,,,,,,,,,,,,,
463,,,,,,,,,,,,,,,,,,,,,
464,,,,,,,,,,,,,,,,,,,,,
465,,,,,,,,,,,,,,,,,,,,,
466,,,,,,,,,,,,,,,,,,,,,
467,,,,,,,,,,,,,,,,,,,,,
468,,,,,,,,,,,,,,,,,,,,,
469,,,,,,,,,,,,,,,,,,,,,
470,,,,,,,,,,,,,,,,,,,,,
471,,,,,,,,,,,,,,,,,,,,,
472,,,,,,,,,,,,,,,,,,,,,
473,,,,,,,,,,,,,,,,,,,,,
474,,,,,,,,,,,,,,,,,,,,,
475,,,,,,,,,,,,,,,,,,,,,
476,,,,,,,,,,,,,,,,,,,,,
477,,,,,,,,,,,,,,,,,,,,,
478,,,,,,,,,,,,,,,,,,,,,
479,,,,,,,,,,,,,,,,,,,,,
480,,,,,,,,,,,,,,,,,,,,,
481,,,,,,,,,,,,,,,,,,,,,
482,,,,,,,,,,,,,,,,,,,,,
483,,,,,,,,,,,,,,,,,,,,,
484,,,,,,,,,,,,,,,,,,,,,
485,,,,,,,,,,,,,,,,,,,,,
486,,,,,,,,,,,,,,,,,,,,,
487,,,,,,,,,,,,,,,,,,,,,
488,,,,,,,,,,,,,,,,,,,,,
489,,,,,,,,,,,,,,,,,,,,,
490,,,,,,,,,,,,,,,,,,,,,
491,,,,,,,,,,,,,,,,,,,,,
492,,,,,,,,,,,,,,,,,,,,,
493,,,,,,,,,,,,,,,,,,,,,
494,,,,,,,,,,,,,,,,,,,,,
495,,,,,,,,,,,,,,,,,,,,,
496,,,,,,,,,,,,,,,,,,,,,
497,,,,,,,,,,,,,,,,,,,,,
498,,,,,,,,,,,,,,,,,,,,,
499,,,,,,,,,,,,,,,,,,,,,
500,,,,,,,,,,,,,,,,,,,,,
501,,,,,,,,,,,,,,,,,,,,,
502,,,,,,,,,,,,,,,,,,,,,
503,,,,,,,,,,,,,,,,,,,,,
504,,,,,,,,,,,,,,,,,,,,,
505,,,,,,,,,,,,,,,,,,,,,
506,,,,,,,,,,,,,,,,,,,,,
507,,,,,,,,,,,,,,,,,,,,,
508,,,,,,,,,,,,,,,,,,,,,
509,,,,,,,,,,,,,,,,,,,,,
510,,,,,,,,,,,,,,,,,,,,,
511,,,,,,,,,,,,,,,,,,,,,
512,,,,,,,,,,,,,,,,,,,,,
513,,,,,,,,,,,,,,,,,,,,,
514,,,,,,,,,,,,,,,,,,,,,
515,,,,,,,,,,,,,,,,,,,,,
516,,,,,,,,,,,,,,,,,,,,,
517,,,,,,,,,,,,,,,,,,,,,
518,,,,,,,,,,,,,,,,,,,,,
519,,,,,,,,,,,,,,,,,,,,,
520,,,,,,,,,,,,,,,,,,,,,
521,,,,,,,,,,,,,,,,,,,,,
522,,,,,,,,,,,,,,,,,,,,,
523,,,,,,,,,,,,,,,,,,,,,
524,,,,,,,,,,,,,,,,,,,,,
525,,,,,,,,,,,,,,,,,,,,,
526,,,,,,,,,,,,,,,,,,,,,
527,,,,,,,,,,,,,,,,,,,,,
528,,,,,,,,,,,,,,,,,,,,,
529,,,,,,,,,,,,,,,,,,,,,
530,,,,,,,,,,,,,,,,,,,,,
531,,,,,,,,,,,,,,,,,,,,,
532,,,,,,,,,,,,,,,,,,,,,
533,,,,,,,,,,,,,,,,,,,,,
534,,,,,,,,,,,,,,,,,,,,,
535,,,,,,,,,,,,,,,,,,,,,
536,,,,,,,,,,,,,,,,,,,,,
537,,,,,,,,,,,,,,,,,,,,,
538,,,,,,,,,,,,,,,,,,,,,
539,,,,,,,,,,,,,,,,,,,,,
540,,,,,,,,,,,,,,,,,,,,,
541,,,,,,,,,,,,,,,,,,,,,
542,,,,,,,,,,,,,,,,,,,,,
543,,,,,,,,,,,,,,,,,,,,,
544,,,,,,,,,,,,,,,,,,,,,
545,,,,,,,,,,,,,,,,,,,,,
546,,,,,,,,,,,,,,,,,,,,,
547,,,,,,,,,,,,,,,,,,,,,
548,,,,,,,,,,,,,,,,,,,,,
549,,,,,,,,,,,,,,,,,,,,,
550,,,,,,,,,,,,,,,,,,,,,
551,,,,,,,,,,,,,,,,,,,,,
552,,,,,,,,,,,,,,,,,,,,,
553,,,,,,,,,,,,,,,,,,,,,
554,,,,,,,,,,,,,,,,,,,,,
555,,,,,,,,,,,,,,,,,,,,,
556,,,,,,,,,,,,,,,,,,,,,
557,,,,,,,,,,,,,,,,,,,,,
558,,,,,,,,,,,,,,,,,,,,,
559,,,,,,,,,,,,,,,,,,,,,
560,,,,,,,,,,,,,,,,,,,,,
561,,,,,,,,,,,,,,,,,,,,,
562,,,,,,,,,,,,,,,,,,,,,
563,,,,,,,,,,,,,,,,,,,,,
564,,,,,,,,,,,,,,,,,,,,,
565,,,,,,,,,,,,,,,,,,,,,
566,,,,,,,,,,,,,,,,,,,,,
567,,,,,,,,,,,,,,,,,,,,,
568,,,,,,,,,,,,,,,,,,,,,
569,,,,,,,,,,,,,,,,,,,,,
570,,,,,,,,,,,,,,,,,,,,,
571,,,,,,,,,,,,,,,,,,,,,
572,,,,,,,,,,,,,,,,,,,,,
573,,,,,,,,,,,,,,,,,,,,,
574,,,,,,,,,,,,,,,,,,,,,
575,,,,,,,,,,,,,,,,,,,,,
576,,,,,,,,,,,,,,,,,,,,,
577,,,,,,,,,,,,,,,,,,,,,
578,,,,,,,,,,,,,,,,,,,,,
579,,,,,,,,,,,,,,,,,,,,,
580,,,,,,,,,,,,,,,,,,,,,
581,,,,,,,,,,,,,,,,,,,,,
582,,,,,,,,,,,,,,,,,,,,,
583,,,,,,,,,,,,,,,,,,,,,
584,,,,,,,,,,,,,,,,,,,,,
585,,,,,,,,,,,,,,,,,,,,,
586,,,,,,,,,,,,,,,,,,,,,
587,,,,,,,,,,,,,,,,,,,,,
588,,,,,,,,,,,,,,,,,,,,,
589,,,,,,,,,,,,,,,,,,,,,
590,,,,,,,,,,,,,,,,,,,,,
591,,,,,,,,,,,,,,,,,,,,,
592,,,,,,,,,,,,,,,,,,,,,
593,,,,,,,,,,,,,,,,,,,,,
594,,,,,,,,,,,,,,,,,,,,,
595,,,,,,,,,,,,,,,,,,,,,
596,,,,,,,,,,,,,,,,,,,,,
597,,,,,,,,,,,,,,,,,,,,,
598,,,,,,,,,,,,,,,,,,,,,
599,,,,,,,,,,,,,,,,,,,,,
600,,,,,,,,,,,,,,,,,,,,,
601,,,,,,,,,,,,,,,,,,,,,
602,,,,,,,,,,,,,,,,,,,,,
603,,,,,,,,,,,,,,,,,,,,,
604,,,,,,,,,,,,,,,,,,,,,
605,,,,,,,,,,,,,,,,,,,,,
606,,,,,,,,,,,,,,,,,,,,,
607,,,,,,,,,,,,,,,,,,,,,
608,,,,,,,,,,,,,,,,,,,,,
609,,,,,,,,,,,,,,,,,,,,,
610,,,,,,,,,,,,,,,,,,,,,
611,,,,,,,,,,,,,,,,,,,,,
612,,,,,,,,,,,,,,,,,,,,,
613,,,,,,,,,,,,,,,,,,,,,
614,,,,,,,,,,,,,,,,,,,,,
615,,,,,,,,,,,,,,,,,,,,,
616,,,,,,,,,,,,,,,,,,,,,
617,,,,,,,,,,,,,,,,,,,,,
618,,,,,,,,,,,,,,,,,,,,,
619,,,,,,,,,,,,,,,,,,,,,
620,,,,,,,,,,,,,,,,,,,,,
621,,,,,,,,,,,,,,,,,,,,,
622,,,,,,,,,,,,,,,,,,,,,
623,,,,,,,,,,,,,,,,,,,,,
624,,,,,,,,,,,,,,,,,,,,,
625,,,,,,,,,,,,,,,,,,,,,
626,,,,,,,,,,,,,,,,,,,,,
627,,,,,,,,,,,,,,,,,,,,,
628,,,,,,,,,,,,,,,,,,,,,
629,,,,,,,,,,,,,,,,,,,,,
630,,,,,,,,,,,,,,,,,,,,,
631,,,,,,,,,,,,,,,,,,,,,
632,,,,,,,,,,,,,,,,,,,,,
633,,,,,,,,,,,,,,,,,,,,,
634,,,,,,,,,,,,,,,,,,,,,
635,,,,,,,,,,,,,,,,,,,,,
636,,,,,,,,,,,,,,,,,,,,,
637,,,,,,,,,,,,,,,,,,,,,
638,,,,,,,,,,,,,,,,,,,,,
639,,,,,,,,,,,,,,,,,,,,,
640,,,,,,,,,,,,,,,,,,,,,
641,,,,,,,,,,,,,,,,,,,,,
642,,,,,,,,,,,,,,,,,,,,,
643,,,,,,,,,,,,,,,,,,,,,
644,,,,,,,,,,,,,,,,,,,,,
645,,,,,,,,,,,,,,,,,,,,,
646,,,,,,,,,,,,,,,,,,,,,
647,,,,,,,,,,,,,,,,,,,,,
648,,,,,,,,,,,,,,,,,,,,,
649,,,,,,,,,,,,,,,,,,,,,
650,,,,,,,,,,,,,,,,,,,,,
651,,,,,,,,,,,,,,,,,,,,,
652,,,,,,,,,,,,,,,,,,,,,
653,,,,,,,,,,,,,,,,,,,,,
654,,,,,,,,,,,,,,,,,,,,,
655,,,,,,,,,,,,,,,,,,,,,
656,,,,,,,,,,,,,,,,,,,,,
657,,,,,,,,,,,,,,,,,,,,,
658,,,,,,,,,,,,,,,,,,,,,
659,,,,,,,,,,,,,,,,,,,,,
660,,,,,,,,,,,,,,,,,,,,,
661,,,,,,,,,,,,,,,,,,,,,
662,,,,,,,,,,,,,,,,,,,,,
663,,,,,,,,,,,,,,,,,,,,,
664,,,,,,,,,,,,,,,,,,,,,
665,,,,,,,,,,,,,,,,,,,,,
666,,,,,,,,,,,,,,,,,,,,,
667,,,,,,,,,,,,,,,,,,,,,
668,,,,,,,,,,,,,,,,,,,,,
669,,,,,,,,,,,,,,,,,,,,,
670,,,,,,,,,,,,,,,,,,,,,
671,,,,,,,,,,,,,,,,,,,,,
672,,,,,,,,,,,,,,,,,,,,,
673,,,,,,,,,,,,,,,,,,,,,
674,,,,,,,,,,,,,,,,,,,,,
675,,,,,,,,,,,,,,,,,,,,,
676,,,,,,,,,,,,,,,,,,,,,
677,,,,,,,,,,,,,,,,,,,,,
678,,,,,,,,,,,,,,,,,,,,,
679,,,,,,,,,,,,,,,,,,,,,
680,,,,,,,,,,,,,,,,,,,,,
681,,,,,,,,,,,,,,,,,,,,,
682,,,,,,,,,,,,,,,,,,,,,
683,,,,,,,,,,,,,,,,,,,,,
684,,,,,,,,,,,,,,,,,,,,,
685,,,,,,,,,,,,,,,,,,,,,
686,,,,,,,,,,,,,,,,,,,,,
687,,,,,,,,,,,,,,,,,,,,,
688,,,,,,,,,,,,,,,,,,,,,
689,,,,,,,,,,,,,,,,,,,,,
690,,,,,,,,,,,,,,,,,,,,,
691,,,,,,,,,,,,,,,,,,,,,
692,,,,,,,,,,,,,,,,,,,,,
693,,,,,,,,,,,,,,,,,,,,,
694,,,,,,,,,,,,,,,,,,,,,
695,,,,,,,,,,,,,,,,,,,,,
696,,,,,,,,,,,,,,,,,,,,,
697,,,,,,,,,,,,,,,,,,,,,
698,,,,,,,,,,,,,,,,,,,,,
699,,,,,,,,,,,,,,,,,,,,,
700,,,,,,,,,,,,,,,,,,,,,
701,,,,,,,,,,,,,,,,,,,,,
702,,,,,,,,,,,,,,,,,,,,,
703,,,,,,,,,,,,,,,,,,,,,
704,,,,,,,,,,,,,,,,,,,,,
705,,,,,,,,,,,,,,,,,,,,,
706,,,,,,,,,,,,,,,,,,,,,
707,,,,,,,,,,,,,,,,,,,,,
708,,,,,,,,,,,,,,,,,,,,,
709,,,,,,,,,,,,,,,,,,,,,
710,,,,,,,,,,,,,,,,,,,,,
711,,,,,,,,,,,,,,,,,,,,,
712,,,,,,,,,,,,,,,,,,,,,
713,,,,,,,,,,,,,,,,,,,,,
714,,,,,,,,,,,,,,,,,,,,,
715,,,,,,,,,,,,,,,,,,,,,
716,,,,,,,,,,,,,,,,,,,,,
717,,,,,,,,,,,,,,,,,,,,,
718,,,,,,,,,,,,,,,,,,,,,
719,,,,,,,,,,,,,,,,,,,,,
720,,,,,,,,,,,,,,,,,,,,,
721,,,,,,,,,,,,,,,,,,,,,
722,,,,,,,,,,,,,,,,,,,,,
723,,,,,,,,,,,,,,,,,,,,,
724,,,,,,,,,,,,,,,,,,,,,
725,,,,,,,,,,,,,,,,,,,,,
726,,,,,,,,,,,,,,,,,,,,,
727,,,,,,,,,,,,,,,,,,,,,
728,,,,,,,,,,,,,,,,,,,,,
729,,,,,,,,,,,,,,,,,,,,,
730,,,,,,,,,,,,,,,,,,,,,
731,,,,,,,,,,,,,,,,,,,,,
732,,,,,,,,,,,,,,,,,,,,,
733,,,,,,,,,,,,,,,,,,,,,
734,,,,,,,,,,,,,,,,,,,,,
735,,,,,,,,,,,,,,,,,,,,,
736,,,,,,,,,,,,,,,,,,,,,
737,,,,,,,,,,,,,,,,,,,,,
738,,,,,,,,,,,,,,,,,,,,,
739,,,,,,,,,,,,,,,,,,,,,
740,,,,,,,,,,,,,,,,,,,,,
741,,,,,,,,,,,,,,,,,,,,,
742,,,,,,,,,,,,,,,,,,,,,
743,,,,,,,,,,,,,,,,,,,,,
744,,,,,,,,,,,,,,,,,,,,,
745,,,,,,,,,,,,,,,,,,,,,
746,,,,,,,,,,,,,,,,,,,,,
747,,,,,,,,,,,,,,,,,,,,,
748,,,,,,,,,,,,,,,,,,,,,
749,,,,,,,,,,,,,,,,,,,,,
750,,,,,,,,,,,,,,,,,,,,,
751,,,,,,,,,,,,,,,,,,,,,
752,,,,,,,,,,,,,,,,,,,,,
753,,,,,,,,,,,,,,,,,,,,,
754,,,,,,,,,,,,,,,,,,,,,
755,,,,,,,,,,,,,,,,,,,,,
756,,,,,,,,,,,,,,,,,,,,,
757,,,,,,,,,,,,,,,,,,,,,
758,,,,,,,,,,,,,,,,,,,,,
759,,,,,,,,,,,,,,,,,,,,,
760,,,,,,,,,,,,,,,,,,,,,
761,,,,,,,,,,,,,,,,,,,,,
762,,,,,,,,,,,,,,,,,,,,,
763,,,,,,,,,,,,,,,,,,,,,
764,,,,,,,,,,,,,,,,,,,,,
765,,,,,,,,,,,,,,,,,,,,,
766,,,,,,,,,,,,,,,,,,,,,
767,,,,,,,,,,,,,,,,,,,,,
768,,,,,,,,,,,,,,,,,,,,,
769,,,,,,,,,,,,,,,,,,,,,
770,,,,,,,,,,,,,,,,,,,,,
771,,,,,,,,,,,,,,,,,,,,,
772,,,,,,,,,,,,,,,,,,,,,
773,,,,,,,,,,,,,,,,,,,,,
774,,,,,,,,,,,,,,,,,,,,,
775,,,,,,,,,,,,,,,,,,,,,
776,,,,,,,,,,,,,,,,,,,,,
777,,,,,,,,,,,,,,,,,,,,,
778,,,,,,,,,,,,,,,,,,,,,
779,,,,,,,,,,,,,,,,,,,,,
780,,,,,,,,,,,,,,,,,,,,,
781,,,,,,,,,,,,,,,,,,,,,
782,,,,,,,,,,,,,,,,,,,,,
783,,,,,,,,,,,,,,,,,,,,,
784,,,,,,,,,,,,,,,,,,,,,
785,,,,,,,,,,,,,,,,,,,,,
786,,,,,,,,,,,,,,,,,,,,,
787,,,,,,,,,,,,,,,,,,,,,
788,,,,,,,,,,,,,,,,,,,,,
789,,,,,,,,,,,,,,,,,,,,,
790,,,,,,,,,,,,,,,,,,,,,
791,,,,,,,,,,,,,,,,,,,,,
792,,,,,,,,,,,,,,,,,,,,,
793,,,,,,,,,,,,,,,,,,,,,
794,,,,,,,,,,,,,,,,,,,,,
795,,,,,,,,,,,,,,,,,,,,,
796,,,,,,,,,,,,,,,,,,,,,
797,,,,,,,,,,,,,,,,,,,,,
798,,,,,,,,,,,,,,,,,,,,,
799,,,,,,,,,,,,,,,,,,,,,
800,,,,,,,,,,,,,,,,,,,,,
801,,,,,,,,,,,,,,,,,,,,,
802,,,,,,,,,,,,,,,,,,,,,
803,,,,,,,,,,,,,,,,,,,,,
804,,,,,,,,,,,,,,,,,,,,,
805,,,,,,,,,,,,,,,,,,,,,
806,,,,,,,,,,,,,,,,,,,,,
807,,,,,,,,,,,,,,,,,,,,,
808,,,,,,,,,,,,,,,,,,,,,
809,,,,,,,,,,,,,,,,,,,,,
810,,,,,,,,,,,,,,,,,,,,,
811,,,,,,,,,,,,,,,,,,,,,
812,,,,,,,,,,,,,,,,,,,,,
813,,,,,,,,,,,,,,,,,,,,,
814,,,,,,,,,,,,,,,,,,,,,
815,,,,,,,,,,,,,,,,,,,,,
816,,,,,,,,,,,,,,,,,,,,,
817,,,,,,,,,,,,,,,,,,,,,
818,,,,,,,,,,,,,,,,,,,,,
819,,,,,,,,,,,,,,,,,,,,,
820,,,,,,,,,,,,,,,,,,,,,
821,,,,,,,,,,,,,,,,,,,,,
822,,,,,,,,,,,,,,,,,,,,,
823,,,,,,,,,,,,,,,,,,,,,
824,,,,,,,,,,,,,,,,,,,,,
825,,,,,,,,,,,,,,,,,,,,,
826,,,,,,,,,,,,,,,,,,,,,
827,,,,,,,,,,,,,,,,,,,,,
828,,,,,,,,,,,,,,,,,,,,,
829,,,,,,,,,,,,,,,,,,,,,
830,,,,,,,,,,,,,,,,,,,,,
831,,,,,,,,,,,,,,,,,,,,,
832,,,,,,,,,,,,,,,,,,,,,
833,,,,,,,,,,,,,,,,,,,,,
834,,,,,,,,,,,,,,,,,,,,,
835,,,,,,,,,,,,,,,,,,,,,
836,,,,,,,,,,,,,,,,,,,,,
837,,,,,,,,,,,,,,,,,,,,,
838,,,,,,,,,,,,,,,,,,,,,
839,,,,,,,,,,,,,,,,,,,,,
840,,,,,,,,,,,,,,,,,,,,,
841,,,,,,,,,,,,,,,,,,,,,
842,,,,,,,,,,,,,,,,,,,,,
843,,,,,,,,,,,,,,,,,,,,,
844,,,,,,,,,,,,,,,,,,,,,
845,,,,,,,,,,,,,,,,,,,,,
846,,,,,,,,,,,,,,,,,,,,,
847,,,,,,,,,,,,,,,,,,,,,
848,,,,,,,,,,,,,,,,,,,,,
849,,,,,,,,,,,,,,,,,,,,,
850,,,,,,,,,,,,,,,,,,,,,
851,,,,,,,,,,,,,,,,,,,,,
852,,,,,,,,,,,,,,,,,,,,,
853,,,,,,,,,,,,,,,,,,,,,
854,,,,,,,,,,,,,,,,,,,,,
855,,,,,,,,,,,,,,,,,,,,,
856,,,,,,,,,,,,,,,,,,,,,
857,,,,,,,,,,,,,,,,,,,,,
858,,,,,,,,,,,,,,,,,,,,,
859,,,,,,,,,,,,,,,,,,,,,
860,,,,,,,,,,,,,,,,,,,,,
861,,,,,,,,,,,,,,,,,,,,,
862,,,,,,,,,,,,,,,,,,,,,
863,,,,,,,,,,,,,,,,,,,,,
864,,,,,,,,,,,,,,,,,,,,,
865,,,,,,,,,,,,,,,,,,,,,
866,,,,,,,,,,,,,,,,,,,,,
867,,,,,,,,,,,,,,,,,,,,,
868,,,,,,,,,,,,,,,,,,,,,
869,,,,,,,,,,,,,,,,,,,,,
870,,,,,,,,,,,,,,,,,,,,,
871,,,,,,,,,,,,,,,,,,,,,
872,,,,,,,,,,,,,,,,,,,,,
873,,,,,,,,,,,,,,,,,,,,,
874,,,,,,,,,,,,,,,,,,,,,
875,,,,,,,,,,,,,,,,,,,,,
876,,,,,,,,,,,,,,,,,,,,,
877,,,,,,,,,,,,,,,,,,,,,
878,,,,,,,,,,,,,,,,,,,,,
879,,,,,,,,,,,,,,,,,,,,,
880,,,,,,,,,,,,,,,,,,,,,
881,,,,,,,,,,,,,,,,,,,,,
882,,,,,,,,,,,,,,,,,,,,,
883,,,,,,,,,,,,,,,,,,,,,
884,,,,,,,,,,,,,,,,,,,,,
885,,,,,,,,,,,,,,,,,,,,,
886,,,,,,,,,,,,,,,,,,,,,
887,,,,,,,,,,,,,,,,,,,,,
888,,,,,,,,,,,,,,,,,,,,,
889,,,,,,,,,,,,,,,,,,,,,
890,,,,,,,,,,,,,,,,,,,,,
891,,,,,,,,,,,,,,,,,,,,,
892,,,,,,,,,,,,,,,,,,,,,
893,,,,,,,,,,,,,,,,,,,,,
894,,,,,,,,,,,,,,,,,,,,,
895,,,,,,,,,,,,,,,,,,,,,
896,,,,,,,,,,,,,,,,,,,,,
897,,,,,,,,,,,,,,,,,,,,,
898,,,,,,,,,,,,,,,,,,,,,
899,,,,,,,,,,,,,,,,,,,,,
900,,,,,,,,,,,,,,,,,,,,,
901,,,,,,,,,,,,,,,,,,,,,
902,,,,,,,,,,,,,,,,,,,,,
903,,,,,,,,,,,,,,,,,,,,,
904,,,,,,,,,,,,,,,,,,,,,
905,,,,,,,,,,,,,,,,,,,,,
906,,,,,,,,,,,,,,,,,,,,,
907,,,,,,,,,,,,,,,,,,,,,
908,,,,,,,,,,,,,,,,,,,,,
909,,,,,,,,,,,,,,,,,,,,,
910,,,,,,,,,,,,,,,,,,,,,
911,,,,,,,,,,,,,,,,,,,,,
912,,,,,,,,,,,,,,,,,,,,,
913,,,,,,,,,,,,,,,,,,,,,
914,,,,,,,,,,,,,,,,,,,,,
915,,,,,,,,,,,,,,,,,,,,,
916,,,,,,,,,,,,,,,,,,,,,
917,,,,,,,,,,,,,,,,,,,,,
918,,,,,,,,,,,,,,,,,,,,,
919,,,,,,,,,,,,,,,,,,,,,
920,,,,,,,,,,,,,,,,,,,,,
921,,,,,,,,,,,,,,,,,,,,,
922,,,,,,,,,,,,,,,,,,,,,
923,,,,,,,,,,,,,,,,,,,,,
924,,,,,,,,,,,,,,,,,,,,,
925,,,,,,,,,,,,,,,,,,,,,
926,,,,,,,,,,,,,,,,,,,,,
927,,,,,,,,,,,,,,,,,,,,,
928,,,,,,,,,,,,,,,,,,,,,
929,,,,,,,,,,,,,,,,,,,,,
930,,,,,,,,,,,,,,,,,,,,,
931,,,,,,,,,,,,,,,,,,,,,
932,,,,,,,,,,,,,,,,,,,,,
933,,,,,,,,,,,,,,,,,,,,,
934,,,,,,,,,,,,,,,,,,,,,
935,,,,,,,,,,,,,,,,,,,,,
936,,,,,,,,,,,,,,,,,,,,,
937,,,,,,,,,,,,,,,,,,,,,
938,,,,,,,,,,,,,,,,,,,,,
939,,,,,,,,,,,,,,,,,,,,,
940,,,,,,,,,,,,,,,,,,,,,
941,,,,,,,,,,,,,,,,,,,,,
942,,,,,,,,,,,,,,,,,,,,,
943,,,,,,,,,,,,,,,,,,,,,
944,,,,,,,,,,,,,,,,,,,,,
945,,,,,,,,,,,,,,,,,,,,,
946,,,,,,,,,,,,,,,,,,,,,
947,,,,,,,,,,,,,,,,,,,,,
948,,,,,,,,,,,,,,,,,,,,,
949,,,,,,,,,,,,,,,,,,,,,
950,,,,,,,,,,,,,,,,,,,,,
951,,,,,,,,,,,,,,,,,,,,,
952,,,,,,,,,,,,,,,,,,,,,
953,,,,,,,,,,,,,,,,,,,,,
954,,,,,,,,,,,,,,,,,,,,,
955,,,,,,,,,,,,,,,,,,,,,
956,,,,,,,,,,,,,,,,,,,,,
957,,,,,,,,,,,,,,,,,,,,,
958,,,,,,,,,,,,,,,,,,,,,
959,,,,,,,,,,,,,,,,,,,,,
960,,,,,,,,,,,,,,,,,,,,,
961,,,,,,,,,,,,,,,,,,,,,
962,,,,,,,,,,,,,,,,,,,,,
963,,,,,,,,,,,,,,,,,,,,,
964,,,,,,,,,,,,,,,,,,,,,
965,,,,,,,,,,,,,,,,,,,,,
966,,,,,,,,,,,,,,,,,,,,,
967,,,,,,,,,,,,,,,,,,,,,
968,,,,,,,,,,,,,,,,,,,,,
969,,,,,,,,,,,,,,,,,,,,,
970,,,,,,,,,,,,,,,,,,,,,
971,,,,,,,,,,,,,,,,,,,,,
972,,,,,,,,,,,,,,,,,,,,,
973,,,,,,,,,,,,,,,,,,,,,
974,,,,,,,,,,,,,,,,,,,,,
975,,,,,,,,,,,,,,,,,,,,,
976,,,,,,,,,,,,,,,,,,,,,
977,,,,,,,,,,,,,,,,,,,,,
978,,,,,,,,,,,,,,,,,,,,,
979,,,,,,,,,,,,,,,,,,,,,
980,,,,,,,,,,,,,,,,,,,,,
981,,,,,,,,,,,,,,,,,,,,,
982,,,,,,,,,,,,,,,,,,,,,
983,,,,,,,,,,,,,,,,,,,,,
984,,,,,,,,,,,,,,,,,,,,,
985,,,,,,,,,,,,,,,,,,,,,
986,,,,,,,,,,,,,,,,,,,,,
987,,,,,,,,,,,,,,,,,,,,,
988,,,,,,,,,,,,,,,,,,,,,
989,,,,,,,,,,,,,,,,,,,,,
990,,,,,,,,,,,,,,,,,,,,,
991,,,,,,,,,,,,,,,,,,,,,
992,,,,,,,,,,,,,,,,,,,,,
993,,,,,,,,,,,,,,,,,,,,,
994,,,,,,,,,,,,,,,,,,,,,
995,,,,,,,,,,,,,,,,,,,,,
996,,,,,,,,,,,,,,,,,,,,,
997,,,,,,,,,,,,,,,,,,,,,
998,,,,,,,,,,,,,,,,,,,,,
999,,,,,,,,,,,,,,,,,,,,,
1000,,,,,,,,,,,,,,,,,,,,,
1001,,,,,,,,,,,,,,,,,,,,,
1002,,,,,,,,,,,,,,,,,,,,,
1003,,,,,,,,,,,,,,,,,,,,,
1004,,,,,,,,,,,,,,,,,,,,,
1005,,,,,,,,,,,,,,,,,,,,,
1006,,,,,,,,,,,,,,,,,,,,,
1007,,,,,,,,,,,,,,,,,,,,,
1008,,,,,,,,,,,,,,,,,,,,,
1009,,,,,,,,,,,,,,,,,,,,,
1010,,,,,,,,,,,,,,,,,,,,,
1011,,,,,,,,,,,,,,,,,,,,,
1012,,,,,,,,,,,,,,,,,,,,,
1013,,,,,,,,,,,,,,,,,,,,,
1014,,,,,,,,,,,,,,,,,,,,,
1015,,,,,,,,,,,,,,,,,,,,,
1016,,,,,,,,,,,,,,,,,,,,,
1017,,,,,,,,,,,,,,,,,,,,,
1018,,,,,,,,,,,,,,,,,,,,,
1019,,,,,,,,,,,,,,,,,,,,,
1020,,,,,,,,,,,,,,,,,,,,,
1021,,,,,,,,,,,,,,,,,,,,,
1022,,,,,,,,,,,,,,,,,,,,,
1023,,,,,,,,,,,,,,,,,,,,,
1024,,,,,,,,,,,,,,,,,,,,,
1025,,,,,,,,,,,,,,,,,,,,,
1026,,,,,,,,,,,,,,,,,,,,,
1027,,,,,,,,,,,,,,,,,,,,,
1028,,,,,,,,,,,,,,,,,,,,,
1029,,,,,,,,,,,,,,,,,,,,,
1030,,,,,,,,,,,,,,,,,,,,,
1031,,,,,,,,,,,,,,,,,,,,,
1032,,,,,,,,,,,,,,,,,,,,,
1033,,,,,,,,,,,,,,,,,,,,,
1034,,,,,,,,,,,,,,,,,,,,,
1035,,,,,,,,,,,,,,,,,,,,,
1036,,,,,,,,,,,,,,,,,,,,,
1037,,,,,,,,,,,,,,,,,,,,,
1038,,,,,,,,,,,,,,,,,,,,,
1039,,,,,,,,,,,,,,,,,,,,,
1040,,,,,,,,,,,,,,,,,,,,,
1041,,,,,,,,,,,,,,,,,,,,,
1042,,,,,,,,,,,,,,,,,,,,,
1043,,,,,,,,,,,,,,,,,,,,,
1044,,,,,,,,,,,,,,,,,,,,,
1045,,,,,,,,,,,,,,,,,,,,,
1046,,,,,,,,,,,,,,,,,,,,,
1047,,,,,,,,,,,,,,,,,,,,,
1048,,,,,,,,,,,,,,,,,,,,,
1049,,,,,,,,,,,,,,,,,,,,,
1050,,,,,,,,,,,,,,,,,,,,,
1051,,,,,,,,,,,,,,,,,,,,,
1052,,,,,,,,,,,,,,,,,,,,,
1053,,,,,,,,,,,,,,,,,,,,,
1054,,,,,,,,,,,,,,,,,,,,,
1055,,,,,,,,,,,,,,,,,,,,,
1056,,,,,,,,,,,,,,,,,,,,,
1057,,,,,,,,,,,,,,,,,,,,,
1058,,,,,,,,,,,,,,,,,,,,,
1059,,,,,,,,,,,,,,,,,,,,,
1060,,,,,,,,,,,,,,,,,,,,,
1061,,,,,,,,,,,,,,,,,,,,,
1062,,,,,,,,,,,,,,,,,,,,,
1063,,,,,,,,,,,,,,,,,,,,,
1064,,,,,,,,,,,,,,,,,,,,,
1065,,,,,,,,,,,,,,,,,,,,,
1066,,,,,,,,,,,,,,,,,,,,,
1067,,,,,,,,,,,,,,,,,,,,,
1068,,,,,,,,,,,,,,,,,,,,,
1069,,,,,,,,,,,,,,,,,,,,,
1070,,,,,,,,,,,,,,,,,,,,,
1071,,,,,,,,,,,,,,,,,,,,,
1072,,,,,,,,,,,,,,,,,,,,,
1073,,,,,,,,,,,,,,,,,,,,,
1074,,,,,,,,,,,,,,,,,,,,,
1075,,,,,,,,,,,,,,,,,,,,,
1076,,,,,,,,,,,,,,,,,,,,,
1077,,,,,,,,,,,,,,,,,,,,,
1078,,,,,,,,,,,,,,,,,,,,,
1079,,,,,,,,,,,,,,,,,,,,,
1080,,,,,,,,,,,,,,,,,,,,,
1081,,,,,,,,,,,,,,,,,,,,,
1082,,,,,,,,,,,,,,,,,,,,,
1083,,,,,,,,,,,,,,,,,,,,,
1084,,,,,,,,,,,,,,,,,,,,,
1085,,,,,,,,,,,,,,,,,,,,,
1086,,,,,,,,,,,,,,,,,,,,,
1087,,,,,,,,,,,,,,,,,,,,,
1088,,,,,,,,,,,,,,,,,,,,,
1089,,,,,,,,,,,,,,,,,,,,,
1090,,,,,,,,,,,,,,,,,,,,,
1091,,,,,,,,,,,,,,,,,,,,,
1092,,,,,,,,,,,,,,,,,,,,,
1093,,,,,,,,,,,,,,,,,,,,,
1094,,,,,,,,,,,,,,,,,,,,,
1095,,,,,,,,,,,,,,,,,,,,,
1096,,,,,,,,,,,,,,,,,,,,,
1097,,,,,,,,,,,,,,,,,,,,,
1098,,,,,,,,,,,,,,,,,,,,,
1099,,,,,,,,,,,,,,,,,,,,,
1100,,,,,,,,,,,,,,,,,,,,,
1101,,,,,,,,,,,,,,,,,,,,,
1102,,,,,,,,,,,,,,,,,,,,,
1103,,,,,,,,,,,,,,,,,,,,,
1104,,,,,,,,,,,,,,,,,,,,,
1105,,,,,,,,,,,,,,,,,,,,,
1106,,,,,,,,,,,,,,,,,,,,,
1107,,,,,,,,,,,,,,,,,,,,,
1108,,,,,,,,,,,,,,,,,,,,,
1109,,,,,,,,,,,,,,,,,,,,,
1110,,,,,,,,,,,,,,,,,,,,,
1111,,,,,,,,,,,,,,,,,,,,,
1112,,,,,,,,,,,,,,,,,,,,,
1113,,,,,,,,,,,,,,,,,,,,,
1114,,,,,,,,,,,,,,,,,,,,,
1115,,,,,,,,,,,,,,,,,,,,,
1116,,,,,,,,,,,,,,,,,,,,,
1117,,,,,,,,,,,,,,,,,,,,,
1118,,,,,,,,,,,,,,,,,,,,,
1119,,,,,,,,,,,,,,,,,,,,,
1120,,,,,,,,,,,,,,,,,,,,,
1121,,,,,,,,,,,,,,,,,,,,,
1122,,,,,,,,,,,,,,,,,,,,,
1123,,,,,,,,,,,,,,,,,,,,,
1124,,,,,,,,,,,,,,,,,,,,,
1125,,,,,,,,,,,,,,,,,,,,,
1126,,,,,,,,,,,,,,,,,,,,,
1127,,,,,,,,,,,,,,,,,,,,,
1128,,,,,,,,,,,,,,,,,,,,,
1129,,,,,,,,,,,,,,,,,,,,,
1130,,,,,,,,,,,,,,,,,,,,,
1131,,,,,,,,,,,,,,,,,,,,,
1132,,,,,,,,,,,,,,,,,,,,,
1133,,,,,,,,,,,,,,,,,,,,,
1134,,,,,,,,,,,,,,,,,,,,,
1135,,,,,,,,,,,,,,,,,,,,,
1136,,,,,,,,,,,,,,,,,,,,,
1137,,,,,,,,,,,,,,,,,,,,,
1138,,,,,,,,,,,,,,,,,,,,,
1139,,,,,,,,,,,,,,,,,,,,,
1140,,,,,,,,,,,,,,,,,,,,,
1141,,,,,,,,,,,,,,,,,,,,,
1142,,,,,,,,,,,,,,,,,,,,,
1143,,,,,,,,,,,,,,,,,,,,,
1144,,,,,,,,,,,,,,,,,,,,,
1145,,,,,,,,,,,,,,,,,,,,,
1146,,,,,,,,,,,,,,,,,,,,,
1147,,,,,,,,,,,,,,,,,,,,,
1148,,,,,,,,,,,,,,,,,,,,,
1149,,,,,,,,,,,,,,,,,,,,,
1150,,,,,,,,,,,,,,,,,,,,,
1151,,,,,,,,,,,,,,,,,,,,,
1152,,,,,,,,,,,,,,,,,,,,,
1153,,,,,,,,,,,,,,,,,,,,,
1154,,,,,,,,,,,,,,,,,,,,,
1155,,,,,,,,,,,,,,,,,,,,,
1156,,,,,,,,,,,,,,,,,,,,,
1157,,,,,,,,,,,,,,,,,,,,,
1158,,,,,,,,,,,,,,,,,,,,,
1159,,,,,,,,,,,,,,,,,,,,,
1160,,,,,,,,,,,,,,,,,,,,,
1161,,,,,,,,,,,,,,,,,,,,,
1162,,,,,,,,,,,,,,,,,,,,,
1163,,,,,,,,,,,,,,,,,,,,,
1164,,,,,,,,,,,,,,,,,,,,,
1165,,,,,,,,,,,,,,,,,,,,,
1166,,,,,,,,,,,,,,,,,,,,,
1167,,,,,,,,,,,,,,,,,,,,,
1168,,,,,,,,,,,,,,,,,,,,,
1169,,,,,,,,,,,,,,,,,,,,,
1170,,,,,,,,,,,,,,,,,,,,,
1171,,,,,,,,,,,,,,,,,,,,,
1172,,,,,,,,,,,,,,,,,,,,,
1173,,,,,,,,,,,,,,,,,,,,,
1174,,,,,,,,,,,,,,,,,,,,,
1175,,,,,,,,,,,,,,,,,,,,,
1176,,,,,,,,,,,,,,,,,,,,,
1177,,,,,,,,,,,,,,,,,,,,,
1178,,,,,,,,,,,,,,,,,,,,,
1179,,,,,,,,,,,,,,,,,,,,,
1180,,,,,,,,,,,,,,,,,,,,,
1181,,,,,,,,,,,,,,,,,,,,,
1182,,,,,,,,,,,,,,,,,,,,,
1183,,,,,,,,,,,,,,,,,,,,,
1184,,,,,,,,,,,,,,,,,,,,,
1185,,,,,,,,,,,,,,,,,,,,,
1186,,,,,,,,,,,,,,,,,,,,,
1187,,,,,,,,,,,,,,,,,,,,,
1188,,,,,,,,,,,,,,,,,,,,,
1189,,,,,,,,,,,,,,,,,,,,,
1190,,,,,,,,,,,,,,,,,,,,,
1191,,,,,,,,,,,,,,,,,,,,,
1192,,,,,,,,,,,,,,,,,,,,,
1193,,,,,,,,,,,,,,,,,,,,,
1194,,,,,,,,,,,,,,,,,,,,,
1195,,,,,,,,,,,,,,,,,,,,,
1196,,,,,,,,,,,,,,,,,,,,,
1197,,,,,,,,,,,,,,,,,,,,,
1198,,,,,,,,,,,,,,,,,,,,,
1199,,,,,,,,,,,,,,,,,,,,,
1200,,,,,,,,,,,,,,,,,,,,,
1201,,,,,,,,,,,,,,,,,,,,,
1202,,,,,,,,,,,,,,,,,,,,,
1203,,,,,,,,,,,,,,,,,,,,,
1204,,,,,,,,,,,,,,,,,,,,,
1205,,,,,,,,,,,,,,,,,,,,,
1206,,,,,,,,,,,,,,,,,,,,,
1207,,,,,,,,,,,,,,,,,,,,,
1208,,,,,,,,,,,,,,,,,,,,,
1209,,,,,,,,,,,,,,,,,,,,,
1210,,,,,,,,,,,,,,,,,,,,,
1211,,,,,,,,,,,,,,,,,,,,,
1212,,,,,,,,,,,,,,,,,,,,,
1213,,,,,,,,,,,,,,,,,,,,,
1214,,,,,,,,,,,,,,,,,,,,,
1215,,,,,,,,,,,,,,,,,,,,,
1216,,,,,,,,,,,,,,,,,,,,,
1217,,,,,,,,,,,,,,,,,,,,,
1218,,,,,,,,,,,,,,,,,,,,,
1219,,,,,,,,,,,,,,,,,,,,,
1220,,,,,,,,,,,,,,,,,,,,,
1221,,,,,,,,,,,,,,,,,,,,,
1222,,,,,,,,,,,,,,,,,,,,,
1223,,,,,,,,,,,,,,,,,,,,,
1224,,,,,,,,,,,,,,,,,,,,,
1225,,,,,,,,,,,,,,,,,,,,,
1226,,,,,,,,,,,,,,,,,,,,,
1227,,,,,,,,,,,,,,,,,,,,,
1228,,,,,,,,,,,,,,,,,,,,,
1229,,,,,,,,,,,,,,,,,,,,,
1230,,,,,,,,,,,,,,,,,,,,,
1231,,,,,,,,,,,,,,,,,,,,,
1232,,,,,,,,,,,,,,,,,,,,,
1233,,,,,,,,,,,,,,,,,,,,,
1234,,,,,,,,,,,,,,,,,,,,,
1235,,,,,,,,,,,,,,,,,,,,,
1236,,,,,,,,,,,,,,,,,,,,,
1237,,,,,,,,,,,,,,,,,,,,,
1238,,,,,,,,,,,,,,,,,,,,,
1239,,,,,,,,,,,,,,,,,,,,,
1240,,,,,,,,,,,,,,,,,,,,,
1241,,,,,,,,,,,,,,,,,,,,,
1242,,,,,,,,,,,,,,,,,,,,,
1243,,,,,,,,,,,,,,,,,,,,,
1244,,,,,,,,,,,,,,,,,,,,,
1245,,,,,,,,,,,,,,,,,,,,,
1246,,,,,,,,,,,,,,,,,,,,,
1247,,,,,,,,,,,,,,,,,,,,,
1248,,,,,,,,,,,,,,,,,,,,,
1249,,,,,,,,,,,,,,,,,,,,,
1250,,,,,,,,,,,,,,,,,,,,,
1251,,,,,,,,,,,,,,,,,,,,,
1252,,,,,,,,,,,,,,,,,,,,,
1253,,,,,,,,,,,,,,,,,,,,,
1254,,,,,,,,,,,,,,,,,,,,,
1255,,,,,,,,,,,,,,,,,,,,,
1256,,,,,,,,,,,,,,,,,,,,,
1257,,,,,,,,,,,,,,,,,,,,,
1258,,,,,,,,,,,,,,,,,,,,,
1259,,,,,,,,,,,,,,,,,,,,,
1260,,,,,,,,,,,,,,,,,,,,,
1261,,,,,,,,,,,,,,,,,,,,,
1262,,,,,,,,,,,,,,,,,,,,,
1263,,,,,,,,,,,,,,,,,,,,,
1264,,,,,,,,,,,,,,,,,,,,,
1265,,,,,,,,,,,,,,,,,,,,,
1266,,,,,,,,,,,,,,,,,,,,,
1267,,,,,,,,,,,,,,,,,,,,,
1268,,,,,,,,,,,,,,,,,,,,,
1269,,,,,,,,,,,,,,,,,,,,,
1270,,,,,,,,,,,,,,,,,,,,,
1271,,,,,,,,,,,,,,,,,,,,,
1272,,,,,,,,,,,,,,,,,,,,,
1273,,,,,,,,,,,,,,,,,,,,,
1274,,,,,,,,,,,,,,,,,,,,,
1275,,,,,,,,,,,,,,,,,,,,,
1276,,,,,,,,,,,,,,,,,,,,,
1277,,,,,,,,,,,,,,,,,,,,,
1278,,,,,,,,,,,,,,,,,,,,,
1279,,,,,,,,,,,,,,,,,,,,,
1280,,,,,,,,,,,,,,,,,,,,,
